event_type_id,name,date,contact_email,phone,website,location,street,city,state,zip,number_of_participants,online_registration_link,ContactFirstName,ContactLastName,ContactTitle,CompanyName,BillingAddress,BillingCity,BillingState,BillingZip,notes,results_url,course_map_url
,Ful Ton 5K,2/23/2013,Tim@EliteTimingSolutions.com,2604021637 ,EliteTimingSolutions.com,Homestead High School 12,1234 Homestead Road,Fort Wayne,IN,46804,15,ItsYourRace.com,Tim,Fulton,,"Elite Timing Solutions, LLC",2025 Winding Creek Lane,Fort Wayne,IN,46804,Tim Fulton,,
,Dirty Bird 5K,9/10/2011,Jo@MyRace.com,2604094791 ,MyRace.com,IPFW,5674 Hartzel Rd.,New Haven,IN,46825,2000,Active.com fgw,Jordan,Bartholme,,"Happy Happy Joy Joy, Inc.",1234 Main Street,Fort Wayne,IN,46777,hia a f;dslkj asasdlkjf af,,
,Fox Island Sprnint Triathlon,1/11/2011,Derek@TriStateTriathlon.org,2604332578 ,RunSignMeUp.com,Fox Island State Park,1111 Eggaman Road,Fort Wayne,IN,46805,9999999,None,Derek,Wetli,,"Tri State Triathlon, Inc.",1847 W. Hamelton Road,Fort Wayne,IN,46464,afkj;fd,,
,Lake Country Half Marathon & 5K,8/31/2013,ben@midwestsportsevents.co,8004298044 ,,"Oconomowoc, WI",,,,,,,Ben,,,,"2079 Lawrence Drive Suite D
De Pere, WI 54115",,,,,,
,Fort2Base,8/25/2013,beth@fort2base.com,3125731737 ,http://fort2base.com/,"North Chicago, IL",,,,,,,Beth,Salinger,,,"Fort2Base Race, LLC
1479 N. Clybourn Ave. Unit E
C",,,,,http://fort2base.com/results-photos/,http://fort2base.com/runner-information/course-maps/
,Allstate Life Inshurance Chicago 13.1 Marathon,6/7/2009,run@131chicago.com, ,http://www.131marathon.com/Chicago/,"Chicago, IL",,,,,,,Bob,Fox,,,"5080 Spectrum Drive Suite 609 East Addison, TX 750",,,,,,
,Soldier Friel,5/18/2013,chicago@autismspeaks.org,2245678573 ,http://www.walknowforautismspeaks.org/faf/help/helpEventInfo.asp?ievent=1041426&lis=1&kntae1041426=727A8D038A784BC8BBF1A6994BCEE631,"Chicago , IL",,,,,,,dana,morris,,,,,,,,,
,Michigan Titanium,8/25/2013,doug@tris4health.com,6164373199 ,http://mititanium.com/,"Grand Rapids, MI",,,,,,,Doug,Tuttle,,,,,,,,,
,Waterfall 5K Trail Runs 5K/10K,6/22/2009,MitchVHarper@gmail.com,2604364824 ,,"Lagro, IN",,,,,,,DUPLICATE,,,,,,,,,,
,Burgers and Beer 5k,7/14/2009,,SEEABOVE ,,"Chicago, IL",,,,,,,DUPLICATE,,,,,,,,,,
,2013 Wisconsin Triterium Triathlon,6/28/2009,raceday@racedayeventsllc.com,6083165755 ,,"Verona, WI",,,,,,,DUPLICATE see row #22,,,,,,,,,,
,Ride Of Silence,5/15/2013,rideofsilence.chicago@gmail.com,6302897360 ,http://www.rideofsilence.org/main.php,"Bartlett, IL",,,,,16,,Elizabeth,Adamczyk,,,,,,,,,
,Chicago Ride of Silence,5/15/2013,rideofsilence.chicago@gmail.com,6302897360 ,http://www.rideofsilence.org/main.php,"Chicago, IL",,,,,120,,Elizabeth,Adamczyk,,,,,,,,,
,Thunder In The Valley / Terre Haute Triathlon,5/18/2013,ethan@cross-roads-events.com, ,http://cross-roads-events.com/thtri/,"Terre Haute, IN",,,,,203 (2012),,ethan,,,,"Crossroads Events, 3521 E Grant Ave, Terre Haute,",,,,,http://cross-roads-events.com/results/THT12OVR.HTM,http://cross-roads-events.com/thtri/course.html
,Cream City Cycle Club Century,8/25/2013,pfersch@sbcglobal.net,4144536872 ,http://creamcitycycleclub.com/content.aspx?page_id=0&club_id=119379,"Holland, MI",,,,,,,Harriet,Pfersch,,,"P.O. Box 894
Milwaukee , WI 53201",,,,,,
,Cooley Run 5k,5/12/2013,cooleyrun5k@cancerkissmycooley.org, ,http://www.cancerkissmycooley.org/cooleyrun/,"Huntley, IL",,,,,,,Kathleen,,,,,,,,,,
,3 Disciplines - A Girl's Best Friend Triathlon,8/24/2013,info@3disciplines.com,2315462229 ,,"Kalamazoo, MI",,,,,,,Kenny,Krell,,,"PO Box 458 Gaylord, MI 49734",,,,,,go to the EVENTS page. Each event has its own page
,Cheesehead Run,8/24/2013,sswerner@aol.com, ,,"Hilbert, WI",,,,,,,Mark,Werner,,,"PaceSetters, Inc., 
PO Box 681, Menasha, WI 54952-",,,,,,
,St Croix Valley Triathlon,8/31/2013,info@finalstretch.com,5076649438 ,http://www.finalstretch.com/triathlon-events/st-croix-valley-triathlon/info/,"Hudson, WI",,,,,850,,Mark,Bongers,,,"Final Stretch, Inc.
c/o Mark Bongers
P.O. Box 121,",,,,,http://www.finalstretch.com/triathlon-events/st-croix-valley-triathlon/results/,http://www.finalstretch.com/triathlon-events/st-croix-valley-triathlon/course-maps/
,Susan G. Komen Chicagoland Race for the Cure Ž,5/12/2013,info@komenchicago.org,7734440061 ,http://www.komenchicago.org/,"Chicago, IL",,,,,,,Rita  ,Forden,chief Ex,,"8765 W Higgins Rd, Suite 401, Chicago IL 60631",,,,,,http://www.komenchicago.org/komen-race-for-the-cure/race-information/chicago-event-site-2013.pdf
,Tryon Farm Trail 5/10/50K RUN,5/18/2013,will@tryonfarm.com,2198723276 ,http://www.tryonfarm.com/events/,"Michigan City, IN",,,,,approx 50 registered in each event as of 5/7,,Will,Noonan,Race Director,,,,,,,,"https://maps.google.com/maps?t=p&q=41.7237778089194, -86.8407948761963&z=15"
,Peoria Ride of Silence,5/15/2013,cannondale_25@juno.com,3096962591 ,,"Peoria, IL",,,,,150,,,,,,,,,,,,
,Life Time Tri Chicago,8/25/2013,chicagoregistration@lifetimefitness.com,7734042281 ,http://www.chicagotriathlon.com/,"Chicago, IL",,,,,9000,,,,,,,,,,,http://www.chicagotriathlon.com/page/show/660808-results,
,Geist Half Marathon & 5K,5/18/2013,info@geisthalf.com,"8008373378,3174963599 ",http://geisthalf.com/,"Fishers, IN",,,,,"2439-half, 3063-5k",,,,,,"Geist Half Marathon Inc, POBox 361313, Indianapoli",,,,,http://onlineraceresults.com/event/view_event.php?event_id=8456,
,"Got2Run For Education, 2.62 Micro-Marathon Run/Walk & 8K Run",5/18/2013,RaceDirector@Got2Run.org,8478822010 ,http://www.got2run.org/,"Arlington Hts., IL",,,,,"572-mini, 182-8k",,,,,,,,,,,http://www.got2run.org/page9/RaceResults.html,http://www.got2run.org/page10/CourseMaps.html
,Galena Triathlon & Duathlon,5/18/2013,events@galena.org,8157773557 11,http://galena.org/triathlon-duathlon/,"Galena, IL",,,,,"674-tri, 173-dua",,,,,,,,,,,http://galena.org/triathlon-duathlon/results/,http://www.galena.org/wp-content/uploads/2013/03/Bike-Route_2013.pdf
,High Profile Adventure Camp,3/22/2009,gerryv@teamhighprofile.com, ,,"Mount Carroll , IL",,,,,,,,,,,,,,,,,
,Life Time Indoor Tri - Algonquin,3/22/2009,kstringer@lifetimefitness.com, ,,"Algonquin, IL",,,,,,,,,,,,,,,,,
,Coach Mark's Boston 20 Training Run,3/22/2009,theroadtoboston@rcn.com, ,,"Barrington, IL",,,,,,,,,,,,,,,,,
,FFC 14th Annual Indoor Triathlon Series,3/22/2009,endurance@ffc.com, ,,"Chicago, IL",,,,,,,,,,,,,,,,,
,Fox Valley Winter Challenge Series Race #3,3/22/2009,info@yourhealthvision.com, ,,"Geneva , IL",,,,,,,,,,,,,,,,,
,"Ramble Into Spring 5K Run/Walk, 10K Run, or 10-Mile Run",3/22/2009,kasmallheer@mckendree.edu, ,,"Lebanon, IL",,,,,,,,,,,,,,,,,
,Interplanetary 5K race & 1 mile walk,3/22/2009,sschafer@peoriariverfrontmuseum.org, ,,"Peoria, IL",,,,,,,,,,,,,,,,,
,Holliday Park Trail Run,3/22/2009,tuxbro@indy.rr.com, ,,"Indianapolis, IN",,,,,,,,,,,,,,,,,
,Circular Logic Marathon,3/22/2009,joeely618@gmail.com, ,,"West Lafayette, IN",,,,,,,,,,,,,,,,,
,Tri Faster Pedal for the Food Pantry,3/22/2009,info@trifaster.com, ,,"Franklin, WI",,,,,,,,,,,,,,,,,
,Bunny Rock Milwaukee,3/22/2009,events@adrenalinesportsmanagement.com, ,,"Milwaukee, WI",,,,,,,,,,,,,,,,,
,Chi Town Half Marathon & 10k,3/23/2009,info@allcommunityevents.com, ,,"Chicago, IL",,,,,,,,,,,,,,,,,
,Life Time Indoor Tri - Burr Ridge,3/23/2009,aarflack@lifetimefitness.com, ,,"Burr Ridge, IL",,,,,,,,,,,,,,,,,
,Michael Cusacks Leprechaun 5K Dash.,3/23/2009,cusackhurling@gmail.com, ,,"Oak Forest, IL",,,,,,,,,,,,,,,,,
,2013 ABD Indoor Time Trial Series - TT #3,3/23/2009,abdcycling@gmail.com, ,,"Winfield, IL",,,,,,,,,,,,,,,,,
,RecPlex Indoor Triathlon #3,3/23/2009,raceinfo@plprairie.com, ,,"Pleasant Prairie, WI",,,,,,,,,,,,,,,,,
,Tri-umph In-Seaon Ladies Triathlon training,3/25/2009,info@tri-umph.us, ,,"Lake Forest, IL",,,,,,,,,,,,,,,,,
,Tri-umph Multisport triathlon training kick off,3/25/2009,info@tri-umph.us, ,,"Lake Forest, IL",,,,,,,,,,,,,,,,,
,Walmart Easter Egg Scramble 5K,3/29/2009,scramble5k@gmail.com, ,,"Davenport, IA",,,,,,,,,,,,,,,,,
,Blackberry Farm 5K Spring Gallop,3/29/2009,ssmith@fvpd.net, ,,"Aurora, IL",,,,,,,,,,,,,,,,,
,Bunny Rock 5k,3/29/2009,events@adrenalinesportsmanagement.com, ,,"Chicago, IL",,,,,,,,,,,,,,,,,
,Triathlon Training Course,3/29/2009,imras@schosp.org, ,,"Chicago, IL",,,,,,,,,,,,,,,,,
,March 4 Meg 5k Run/Walk,3/29/2009,info@march4meg.com, ,,"Evergreen Park, IL",,,,,,,,,,,,,,,,,
,Tri-umph In-Seaon Triathlon training,3/29/2009,info@tri_umph.us, ,,"Lake Forest, IL",,,,,,,,,,,,,,,,,
,4th Annual - Saint Clare - Easter Eggstraordinaire 5K Run,3/29/2009,mrfischer6@stclair.k12.il.us, ,,"O'Fallon, IL",,,,,,,,,,,,,,,,,
,Chocolate Chase Rabbit Race 5K,3/29/2009,jsmith@palosheights.org, ,,"Palos Heights, IL",,,,,,,,,,,,,,,,,
,Egg Shell Shuffle 1/2 marathon and 5K run/walk and EGG HUNT!,3/29/2009,jrraces@gmail.com, ,,"Schaumburg, IL",,,,,,,,,,,,,,,,,
,Most Eggccellent 5k & Kids' 1k,3/29/2009,tom.taylor@outlook.com, ,,"Portage, IN",,,,,,,,,,,,,,,,,
,SKMC Rogaine run/navigation,3/29/2009,andygmac61@gmail.com, ,,"North Pairie, WI",,,,,,,,,,,,,,,,,
,Team In Training Recruitment Party,4/1/2009,teamintraining_ilc@llc.org, ,,"Des Plaines, IL",,,,,,,,,,,,,,,,,
,Together We Tri: Off Season Training-Session 5,4/1/2009,laoise.obroin@gmail.com, ,,"Glenview, IL",,,,,,,,,,,,,,,,,
,Boston Marathon Final Tips Clinic,4/2/2009,theroadtoboston@rcn.com, ,,"Chicago , IL",,,,,,,,,,,,,,,,,
,Wheel & Sprocket Bike Expo Sale,4/4/2009,barb.barbian@wheelandsprocket.net, ,,"West Allis, WI",,,,,,,,,,,,,,,,,
,Stepping Stones April Fools 5k Run,4/5/2009,drerin@ducatchiropractic.com, ,,"Bloomingdale, IL",,,,,,,,,,,,,,,,,
,Cougar Trail Trot,4/5/2009,jengarri@gmail.com, ,,"Naperville, IL",,,,,,,,,,,,,,,,,
,Healthy Living 5K and 12 mile ride,4/5/2009,bdepirropalatineparks.org, ,,"Palatine, IL",,,,,,,,,,,,,,,,,
,Arny Johnson 10 Mile and 5K Run,4/5/2009,sarabrakmann@rockfordhabitat.org, ,,"Rockford, IL",,,,,,,,,,,,,,,,,
,International Lincoln Presidential Half Marathon,4/5/2009,breardon@hshs.org, ,,"Springfield, IL",,,,,,,,,,,,,,,,,
,Ringing in Spring 5K/10K,4/5/2009,michael.jones16@comcast.net, ,,"Valparaiso, IN",,,,,,,,,,,,,,,,,
,Sarett Nature Center Spring Stampede 5k Run & Walk,4/5/2009,mikem@sarett.com, ,,"Benton Harbor, MI",,,,,,,,,,,,,,,,,
,Only Fools Run at Midnight,4/5/2009,bwetzler@minocqua.org, ,,"Minocqua, WI",,,,,,,,,,,,,,,,,
,Trailbreaker Marathon,4/5/2009,pgrulke@ci.waukesha.wi.us, ,,"Waukesha, WI",,,,,,,,,,,,,,,,,
,"Amped Up Adventure Race Series- Rockford, IL Race",4/6/2009,Erickfarish@me.com, ,,"Rockford , IL",,,,,,,,,,,,,,,,,
,Sprint for Spastics,4/6/2009,http://www.athletecalendar.com/details.php?race=10788, ,,"Downers Grove, IL",,,,,,,,,,,,,,,,,
,4th Annual Benedictine AMSA 5k,4/6/2009,buamsa@gmail.com, ,,"Lisle, IL",,,,,,,,,,,,,,,,,
,Bikes and Brew,4/9/2009,heidi.hoffman@lungil.org, ,,"Chicago, IL",,,,,,,,,,,,,,,,,
,Just Move It! Challenge,4/12/2009,jmichallenge@gmail.com, ,,"Arlington Heights, IL",,,,,,,,,,,,,,,,,
,3rd Annual Iron Horse 5k,4/12/2009,, ,,"Elgin, IL",,,,,,,,,,,,,,,,,
,Tri-umph off season triathlon training,4/12/2009,info@tri_umph.us, ,,"Lake Forest, IL",,,,,,,,,,,,,,,,,
,Advocate Good Samaritan Quarryman Challenge 10 Mile & 5K,4/12/2009,info@quarrymanchallenge.com, ,,"Lemont, IL",,,,,,,,,,,,,,,,,
,Discovery Dash,4/12/2009,kelsey.deacon@roselindfranklin.com, ,,"North Chicago, IL",,,,,,,,,,,,,,,,,
,Rockdale Ramblin Run 10K,4/12/2009,dgale@jolietpark.org, ,,"Rockdale, IL",,,,,,,,,,,,,,,,,
,The Monkey Made Me Do It! 5k and Kids 1 mile fun run,4/12/2009,dgale@jolietpark.org, ,,"Woodstock, IL",,,,,,,,,,,,,,,,,
,Chesterton Peace 5k Run/Walk,4/12/2009,stofko121@yahoo.com, ,,"Chesterton, IN",,,,,,,,,,,,,,,,,
,Hammond 10k Charity Run,4/12/2009,info@hammond10K.com, ,,"Hammond, IN",,,,,,,,,,,,,,,,,
,Rock the Relay,4/12/2009,hladd@rock-the-relay.com, ,,"Indianapolis, IN",,,,,,,,,,,,,,,,,
,Spring Training,4/12/2009,cowan@lakemichigancollege.edu, ,,"Benton Harbor, MI",,,,,,,,,,,,,,,,,
,Martian Invasion of Races,4/12/2009,events@runningfit.com, ,,"Dearborn, MI",,,,,,,,,,,,,,,,,
,ERace MS 5K Run/Walk Madison,4/12/2009,EracemsWi@gmail.com, ,,"Madison, WI",,,,,,,,,,,,,,,,,
,"360 Spring Ahead 10K and 5K, and Fun Run",4/13/2009,dportner@360youthservices.org, ,,"Naperville, IL",,,,,,,,,,,,,,,,,
,5K Spring Shuffle,4/13/2009,elawhead@addisonparks.org, ,,"Addison, IL",,,,,,,,,,,,,,,,,
,Phi Delta Chi 5k Walk/Run (proceeds to benefit St Jude Children's Research Hosp),4/13/2009,Phi.Delta.Chi.5K@gmail.com, ,,"Chicago, IL",,,,,,,,,,,,,,,,,
,Dewey Dash,4/13/2009,library@elburn.lib.il.us, ,,"Elburn, IL",,,,,,,,,,,,,,,,,
,Run Thru the Hills 5K/10K,4/13/2009,agemmell@lith.org, ,,"Lake in the Hills, IL",,,,,,,,,,,,,,,,,
,2013 ABD Indoor Time Trial Series - TT #4 - John Fraser Memorial Time Trial,4/13/2009,abdcycling@gmail.com, ,,"Maple Park, IL",,,,,,,,,,,,,,,,,
,Yorkville Tax Dodge 5k Run/Walk & 10k Run,4/13/2009,tevans.@yorkville.il.us, ,,"Yorkville , IL",,,,,,,,,,,,,,,,,
,Crossroads of Northwest Indiana Marathon and Half Marathon,4/13/2009,fdkbjohn@sbcglobal.net, ,,"Lowell, IN",,,,,,,,,,,,,,,,,
,Iola Trail Run,4/13/2009,info@greatlakesendurance.com, ,,"Iola, WI",,,,,,,,,,,,,,,,,
,2013 Easter Ride,4/17/2009,easterride@folksonspokes.com, ,,"Park Forest, IL",,,,,,,,,,,,,,,,,
,I Walk For ECAC' 5K Walk-a-thon,4/19/2009,skettering@ecachicago.org, ,,"Chicago, IL",,,,,,,,,,,,,,,,,
,Boston Marathon Celebration in Chicago,4/19/2009,, ,,"Chicago , IL",,,,,,,,,,,,,,,,,
,Resurrection College Prep High School -Run for Res 5K Fun Run/Walk,4/19/2009,cmarchetti@reshs.org, ,,"Chicago, IL",,,,,,,,,,,,,,,,,
,Neighbors' House 5K Run!,4/19/2009,neighborshouse@frontier.com, ,,"DeKalb, IL",,,,,,,,,,,,,,,,,
,"Shelter, Inc. 7th Annual 5K Run/Walk 4 Kidz",4/19/2009,bmazursky@shelter-inc.org, ,,"Elk Grove Village, IL",,,,,,,,,,,,,,,,,
,Abe's Mini Triathlon,4/19/2009,dfcox888@msn.com, ,,"Petersburg, IL",,,,,,,,,,,,,,,,,
,Pioneer Sprint Triathlon,4/19/2009,dfcox888@msn.com, ,,"Petersburg, IL",,,,,,,,,,,,,,,,,
,Striders Saturday Classic,4/19/2009,s.webster@stridersrun.com,6162619706 ,,"Grandville, MI",,,,,,,,,,,,,,,,,
,Get Your Rear In Gear for Colon Cancer 5K Run and Walk,4/20/2009,mary@andersonraces.com, ,,"Chicago, IL",,,,,,,,,,,,,,,,,
,Earth Day 50K & 15M Trail Races,4/20/2009,dirtrunner100@yahoo.com,8152612667 ,,"Crystal Lake, IL",,,,,,,,,,,,,,,,,
,"Healthy Parks, Healthy Patients 5K",4/20/2009,jprice@rmlsh.org,6302864400 ,,"Hinsdale, IL",,,,,,,,,,,,,,,,,
,The Arbor Day10K,4/20/2009,dfischer-woods@mortonarb.org,6307195708 ,,"Lisle , IL",,,,,,,,,,,,,,,,,
,LTHS Foundation 5K,4/20/2009,kbrehm@lths.org,8155888121 ,,"Lockport, IL",,,,,,,,,,,,,,,,,
,California Spring Training Camp,4/20/2009,tony@tzcoaching.com,7086575016 ,,"Monterey, IL",,,,,,,,,,,,,,,,,
,The Yellow Jacket Challenge!,4/20/2009,yjcinfo@greenville.k12.mi.us,6162256136 ,,"Greenville, MI",,,,,,,,,,,,,,,,,
,Yellow Jacket Challenge,4/20/2009,yjcinfo@greenville.k12.mi.us,6162256136 ,,"Greenville, MI",,,,,,,,,,,,,,,,,
,Lansing Marathon/Lansing Half-Marathon,4/20/2009,coach.owen@comcast.net,5173036173 ,,"Lansing, MI",,,,,,,,,,,,,,,,,
,ERace MS 5K/10K Run/Walk Nashotah,4/20/2009,ERaceMSWi@gmail.com, ,,"Nashotah, WI",,,,,,,,,,,,,,,,,
,Oshkosh Half Marathon & 5K,4/20/2009,info@midwestsportsevents.com,8004298044 ,,"Oshkosh, WI",,,,,,,,,,,,,,,,,
,Universal Sole 4 Mile Classic,4/24/2009,ryan@universalsole.com,7738680893 ,,"Chicago, IL",,,,,,,,,,,,,,,,,
,Courage & Valor Run,4/24/2009,tuxbro@indy.rr.com,3177333300 ,,"Indianapolis, IN",,,,,,,,,,,,,,,,,
,13th Annual Fox Trot 5K Run/Walk,4/26/2009,foxtrot@bataviamothersclub.org, ,,"Batavia, IL",,,,,,,,,,,,,,,,,
,Ike Hike 5k and 1 Mile Walk,4/26/2009,amy.stevens@chsd218.org,7085976300 48,,"Blue Island, IL",,,,,,,,,,,,,,,,,
,Doc Spackman Memorial Triathlon,4/26/2009,hollistr@siu.edu,6185496529 ,,"Carbondale, IL",,,,,,,,,,,,,,,,,
,5K for Earth Day,4/26/2009,roberto@earthday5kchicago.com,7732090153 ,,"Chicago, IL",,,,,,,,,,,,,,,,,
,Team In Training Season Kickoff,4/26/2009,jessica.hatcher@lls.org, ,,"Chicago, IL",,,,,,,,,,,,,,,,,
,Triathlon Training Bike Ride,4/26/2009,feverriver@scbglobal.net,8157769425 ,,"Galena, IL",,,,,,,,,,,,,,,,,
,Oswego Big Mouth Adventure Race,4/26/2009,kvest@oswegolandpd.org,6305541010 442,,"Oswego, IL",,,,,,,,,,,,,,,,,
,Peanut Butter Duathlon,4/26/2009,rrvp@rockriver.net,8159786125 ,,"Rockford, IL",,,,,,,,,,,,,,,,,
,Dine N' Dash,4/26/2009,Kherrmann@rparks.org,6308944200 ,,"Roselle, IL",,,,,,,,,,,,,,,,,
,Talk Walk Run,4/26/2009,tuxbro@indy.rr.com,3177333300 ,,"Indianapolis, IN",,,,,,,,,,,,,,,,,
,Calvin 5k Spring Classic & Karen Muyskens Family Fun Run,4/26/2009,5k@calvin.edu,6165266507 ,,"Grand Rapids, MI",,,,,,,,,,,,,,,,,
,Trail Marathon/Road Ends Weekend,4/26/2009,events@runningfit.com,7349299027 ,,"Pinckney, MI",,,,,,,,,,,,,,,,,
,Bear Paws for a Cause: 4K Trail Run / Walk,4/26/2009,mccoy@uwp.edu,2625953360 ,,"Kenosha, WI",,,,,,,,,,,,,,,,,
,UW-Parkside Bear Paws for a Cause,4/26/2009,mccoy@uwp.edu,2625952245 ,,"Kenosha, WI",,,,,,,,,,,,,,,,,
,Crazylegs Classic 8K Run / 2 Mile Walk,4/26/2009,crazylegs@athletics.wisc.edu,6082615347 ,,"Madison, WI",,,,,,,,,,,,,,,,,
,Free Triathlete Clinic - become a triathlete in 2013!,4/26/2009,fitness@plprairie.com,2629256742 ,,"Pleasant Prairie, WI",,,,,,,,,,,,,,,,,
,Heritage Run,4/27/2009,bzoeller@rockriverymca.org,8154891133 ,,"Rockford, IL",,,,,,,,,,,,,,,,,
,"Alivio y Salud, 5K Run for Health",4/27/2009,agasca@aliviomedicalcenter.org,3128296638 ,,"Chicago, IL",,,,,,,,,,,,,,,,,
,"Ravenswood Run, a neighborhood 5K",4/27/2009,Race@FleetFeetChicago.com,7735613338 2,,"Chicago, IL",,,,,,,,,,,,,,,,,
,Walk Now for Autism Speaks,4/27/2009,colleen.friel@autismspeaks.org,2245678573 ,,"Glenco , IL",,,,,,,,,,,,,,,,,
,Endure It! 2-Person 5-Mile Relay,4/27/2009,daniel.dziubski@gmail.com,6303056771 ,,"Naperville, IL",,,,,,,,,,,,,,,,,
,Race That's Good For Life,4/27/2009,race@oprc.net, ,,"Oak Park, IL",,,,,,,,,,,,,,,,,
,Steps Toward A Brighter Future,4/27/2009,celebratedifferences@yahoo.com,6308853006 ,,"Oswego, IL",,,,,,,,,,,,,,,,,
,IVCA Dirty Mudd'r,4/27/2009,redd.d@mchsi.com, ,,"Streator, IL",,,,,,,,,,,,,,,,,
,Best Buddies,4/27/2009,tuxbro@indy.rr.com,3177333300 ,,"Indianapolis, IN",,,,,,,,,,,,,,,,,
,RecPlex April Indoor/Outdoor Triathlon,4/27/2009,raceinfo@plprairie.com,2629256742 ,,"Pleasant Prairie, WI",,,,,,,,,,,,,,,,,
,Monday Night Bicycle Racing Clinic at the Ed Rudolph Velodrome,4/28/2009,comm@northbrookvelodrome.org,8472912980 ,,"Northbrook, IL",,,,,,,,,,,,,,,,,
,Wisconsin Marathon,5/3/2009,jcain@mychicagoathlete.com,8476750200 210,,"Kenosha, WI",,,,,,,,,,,,,,,,,
,FunRacer5K for Freeman School,5/3/2009,funracer5k@gmail.com, ,,"Aurora , IL",,,,,,,,,,,,,,,,,
,5th Annual Arthur Stephens Scholarship 5K Walk-Run,5/3/2009,PKeenan@tallulahgroup.com,7739953839 ,,"Chicago, IL",,,,,,,,,,,,,,,,,
,Bark in the Park,5/3/2009,events@anticruelty.org,3126458006 ,,"Chicago, IL",,,,,,,,,,,,,,,,,
,On Your Marks 5k and 10k,5/3/2009,hamer6@att.net,6302670040 ,,"Downers Grove, IL",,,,,,,,,,,,,,,,,
,"Big Hollow PTO 5K Run/Walk, 1 Mile Fun Run and Kids Fun Run",5/3/2009,info@bighollow5k.com,8477401490 ,,"Ingleside, IL",,,,,,,,,,,,,,,,,
,Joliet Junior College Foundation 5K Run/Walk and Wolves' Run 1 Mile Kid's Race,5/3/2009,aquinn@jjc.edu, ,,"Joliet, IL",,,,,,,,,,,,,,,,,
,10th Annual Run for the Kids,5/3/2009,kmoreland@eastersealsdfvr.org, ,,"Villa Park, IL",,,,,,,,,,,,,,,,,
,Young Life Access 10k / 5k,5/3/2009,cjderfelt@wowway.com,6305446212 ,,"Wheaton, IL",,,,,,,,,,,,,,,,,
,GREAT AMAZING RACE Adventure Race & Family Activity 1M - Indianapolis,5/3/2009,info@flyingcolorssports.com,5135180528 ,,"Indianapolis, IN",,,,,,,,,,,,,,,,,
,OneAmerica 500 Festival Mini-Marathon & Finish Line 500 Festival 5K,5/3/2009,raceinfo@500festival.com,3176146464 ,,"Indianapolis, IN",,,,,,,,,,,,,,,,,
,Pigeon River Classic,5/3/2009,info@greatlakesendurance.com,7157010360 ,,"Clintonville, WI",,,,,,,,,,,,,,,,,
,Lake Monona 20K,5/3/2009,raceday@racedayeventsllc.com,6083165755 ,,"Madison, WI",,,,,,,,,,,,,,,,,
,"RC2, 5K, 10K and Half Marathon",5/3/2009,rmctriathlon@agnesian.com,9207480528 ,,"Ripon, WI",,,,,,,,,,,,,,,,,
,Book It! 5K & Family Run,5/3/2009,info@runwhitewater.com,9203970601 ,,"Whitewater, WI",,,,,,,,,,,,,,,,,
,Care Walk 2013,5/4/2009,Tri-2000@att.net,8005227222 ,,"Chicago, IL",,,,,,,,,,,,,,,,,
,Cinco de Miler,5/4/2009,info@ramracing.org, ,,"Chicago, IL",,,,,,,,,,,,,,,,,
,16th Annual Bob Blazier Run For The Arts,5/4/2009,mthomfohrda@rauecenter.org,8153569010 ,,"Crystal Lake, IL",,,,,,,,,,,,,,,,,
,Matthiessen Mountain Madness,5/4/2009,danieleiten@yahoo.com, ,,"Oglesby, IL",,,,,,,,,,,,,,,,,
,Great Western Half Marathon,5/4/2009,greatwestern@foxrivertrailrunners.org, ,,"St. Charles, IL",,,,,,,,,,,,,,,,,
,We Go Run,5/4/2009,racetime21@hotmail.com,6309338415 ,,"West Chicago, IL",,,,,,,,,,,,,,,,,
,Kalamazoo Marathon,5/4/2009,info@borgessrun.com,18772552447 ,,"Kalamazoo, MI",,,,,,,,,,,,,,,,,
,Scheel's Run 4 Home,5/4/2009,renee@pacesettersrun.org, ,,"Appleton, WI",,,,,,,,,,,,,,,,,
,10th Annual QuadruPedal Century,5/4/2009,stewart.schilling@dairylanddare.com,6089356424 ,,"Dodgeville, WI",,,,,,,,,,,,,,,,,
,Paper Discovery Duathlon,5/4/2009,info@midwestsportsevents.com,8004298044 ,,"Neenah, WI",,,,,,,,,,,,,,,,,
,Chicago Marathon: Tips to Get Started,5/6/2009,theroadtoboston@rcn.com,7733070033 ,,"Chicago , IL",,,,,,,,,,,,,,,,,
,Crew U - Adult learn to crew on racing sailboats class,5/6/2009,keelboats@chicagoyachtclub.org,3128617777 ,,"Chicago, IL",,,,,,,,,,,,,,,,,
,Food Truck 5K and Block Party,5/10/2009,brian.campuslife@gmail.com,8472608260 ,,"Arlington Heights, IL",,,,,,,,,,,,,,,,,
,6th Annual Nancy Young Fun Run,5/10/2009,info@nancyyoungrun.com,6302298853 ,,"Aurora, IL",,,,,,,,,,,,,,,,,
,Bridge to Bridge 5k/10k,5/10/2009,ijcrane@gmail.com, ,,"Batavia, IL",,,,,,,,,,,,,,,,,
,Anti Cruelty Society Chicago Marathon Kick Off Training Run,5/10/2009,theroadtoboston@rcn.com,7733070033 ,,"Chicago , IL",,,,,,,,,,,,,,,,,
,Chicago Marathon: Kick Off Training Run,5/10/2009,theroadtoboston@rcn.com,7733070033 ,,"Chicago, IL",,,,,,,,,,,,,,,,,
,Race to Wrigley 5k,5/10/2009,jruston@chicagoevents.com,7735846638 ,,"Chicago, IL",,,,,,,,,,,,,,,,,
,Groovin in the Grove 5K Race & Fun Walk,5/10/2009,devans@midwestern.edu,6309716401 ,,"Downers Grove, IL",,,,,,,,,,,,,,,,,
,Root Awakening 5K - Run for Forgotten Children,5/10/2009,info@rootawakening.org, ,,"Hoffman Estates, IL",,,,,,,,,,,,,,,,,
,TheraCORE 5K Race for a Cure,5/10/2009,janice@theracorept.com,8158385070 ,,"Joliet, IL",,,,,,,,,,,,,,,,,
,Feets of Strength 5K Run/Walk for Child Abuse Awareness,5/10/2009,feetsofstrength@att.net,6307424393 ,,"Mooseheart, IL",,,,,,,,,,,,,,,,,
,Oak Brook Park District Pink 5K,5/10/2009,cpiasecki@obparks.org,6306459529 ,,"Oak Brook, IL",,,,,,,,,,,,,,,,,
,Trot for Theresa 5k,5/10/2009,jdoland@dolandengineering.com, ,,"Palatine, IL",,,,,,,,,,,,,,,,,
,SMI 5K and 2K kids run,5/10/2009,sehling@mcs.anl.gov, ,,"Plainfield, IL",,,,,,,,,,,,,,,,,
,Literacy Half Marathon 2013,5/10/2009,runnersimage@choiceonemail.com,8159632171 ,,"Rockford, IL",,,,,,,,,,,,,,,,,
,Mama's 5K Run,5/10/2009,willd@zbths.org,8477465505 ,,"Zion, IL",,,,,,,,,,,,,,,,,
,Dances With Dirt Gnaw Bone,5/10/2009,events@runningfit.com,7349299027 ,,"Nashville, IN",,,,,,,,,,,,,,,,,
,3 Disciplines - Willow Duathlon,5/10/2009,info@3disciplines.com,2315462229 ,,"New Boston, MI",,,,,,,,,,,,,,,,,
,"Amped Up Adventure Race Series - Beloit, WI Race",5/10/2009,info@ampedupadventurerace.com,6083134535 ,,"Beloit, WI",,,,,,,,,,,,,,,,,
,Journeys Marathon,5/10/2009,kim@eagleriver.org,8003596315 ,,"Eagle River, WI",,,,,,,,,,,,,,,,,
,It's Glow Time 5K - Madison,5/10/2009,raceday@racedayeventsllc.com,6083165755 ,,"Madison, WI",,,,,,,,,,,,,,,,,
,Spring Family 5K Run/Walk,5/10/2009,raceinfo@plprairie.com,2629256742 ,,"Pleasant Prairie, WI",,,,,,,,,,,,,,,,,
,Mother's Day 5K Run/Walk,5/11/2009,info@allcommunityevents.com, ,,"Barrington, IL",,,,,,,,,,,,,,,,,
,The 44th Annual Swedish Days Ride,6/22/2009,swedishdays@fvbsc.org, ,,"Burlington, IL",,,,,,,,,,,,,,,,,
,Chicago Women's Half Marathon and 5K,6/22/2009,Info@WomensHalfChicago.com, ,,"Chicago, IL",,,,,,,,,,,,,,,,,
,DG5 Miler 36th Annual Downers Grove Park District Race 5 Miler,6/22/2009,snance@dgparks.org,6309607250 ,,"Downers Grove, IL",,,,,,,,,,,,,,,,,
,Illinois State Time Trial Championship,6/22/2009,info@teamapache.org, ,,"Paw Paw, IL",,,,,,,,,,,,,,,,,
,Edge the Ledge,6/22/2009,ben@midwestsportsevents.com,9203388741 ,,"Fond du Lac, WI",,,,,,,,,,,,,,,,,
,Pleasant Prairie Triathlon,6/22/2009,raceinfo@plprairie.com,2629256742 ,http://pleasantprairietriathlon.com/,"Pleasant Prairie, WI",,,,,,,,,,,,,,,,,
,BigFoot Triathlon,6/22/2009,info@ramracing.org, ,,"Lake Geneva, WI",,,,,,,,,,,,,,,,,
,Zeeland Zoom 5K Foot Race & Walk,6/24/2009,aderoo@ci.zeeland.mi.us,6167485906 ,http://www.feelthezeel.com/,"Zeeland, MI",,,,,,,,,,,,,,,,,
,C + C Triathlete Factory Camp,6/27/2009,christopherasweet@hotmail.com,3096781275 ,,"Chillicothe, IL",,,,,,,,,,,,,,,,,
,Brookfield Insanity Obstacle Run,6/28/2009,brookfieldinsanityrun@gmail.com,7087853579 ,http://www.insanityrun.com/,"Brookfield, IL",,,,,,,,,,,,,,,,,
,5th Annual Joshua Kurby Charge for CHARGE 5K,6/28/2009,Sandy417@hotmail.com,6302313505 ,http://www.athletecalendar.com/details.php?race=9437,"Warrenville, IL",,,,,,,,,,,,,,,,,
,Morse Park Summer Triathlon,6/28/2009,tuxbro@indy.rr.com,3177333300 ,http://www.tuxbro.com/entry-info/MorseTri/MorseTri-Home.php,"Noblesville, IN",,,,,,,,,,,,,,,,,
,20th Annual Warsaw Optimist Triathlon,6/28/2009,rondonkers@hotmail.com,5742655699 ,http://www.warsawoptimist.org/,"Winona Lake, IN",,,,,,,,,,,,,,,,,
,32nd Annual Proud To Run 10K & 5K run walk,6/28/2009,proudtorun@yahoo.com,3126509788 ,,"Chicago, IL",,,,,,,,,,,,,,,,,
,Mudathlon-Indianapolis,6/28/2009,info@mudathlon.com, ,,"Anderson, IN",,,,,,,,,,,,,,,,,
,Take Steps for Crohns & Colitis,6/29/2009,jkruggel@ccfa.org,8478270404 ,http://www.cctakesteps.org/,"Glenview, IL",,,,,,,,,,,,,,,,,
,3 Disciplines - Anyone Can Tri,6/29/2009,info@3disciplines.com,2315462229 ,http://www.3disciplines.com/,"Mount Clemens, MI",,,,,,,,,,,,,,,,,
,3rd Annual Krueger Pool Triathlon,6/29/2009,waites@ci.beloit.wi.us,6083642890 2,http://www.ci.beloit.wi.us/,"Beloit, WI",,,,,,,,,,,,,,,,,
,BAMC Menomnee River Century Bike Ride,6/29/2009,radams@bamc.org,7157354200 310,http://www.mrcride.com/,"Marinette, WI",,,,,,,,,,,,,,,,,
,"Run For the Arts 10K, 5K",7/3/2009,richard.gerwin@advocatehealth.com, ,http://www.signmeup.com/89918,"Barrington, IL",,,,,,,,,,,,,,,,,
,Beecher Freedom 5K Run/Walk,7/3/2009,tstluka@aol.com,7088904505 ,http://www.athletecalendar.com/details.php?race=8758,"Beecher, IL",,,,,,,,,,,,,,,,,
,Community Bank of Elmhurst 4 on the 4th,7/3/2009,info@elmhurst-runners.com,6302694872 ,http://www.4on4th.com/,"Elmhurst, IL",,,,,,,,,,,,,,,,,
,Riverside Independence Day 5K,7/3/2009,tmichalik@riverside.il.us,7084427025 ,http://www.riverside.il.us/,"Riverside, IL",,,,,,,,,,,,,,,,,
,CarmelFest Freedom Run,7/3/2009,tuxbro@indy.rr.com,3177333300 ,http://www.tuxbro.com/entry-info/FreedomRun/FreedomRun-Home.php,"Carmel, IN",,,,,,,,,,,,,,,,,
,T-Rex Trail Ten Miler and the Wimpy 8K,7/3/2009,coachdroski@aim.com,6162602669 ,http://www.trextenmiler.8k.com/,"Lowell, MI",,,,,,,,,,,,,,,,,
,Run For A Vet,7/3/2009,vinceski23@yahoo.com,7155791009 ,http://www.mercercc.com/,"Mercer, WI",,,,,,,,,,,,,,,,,
,Run For Hope 5k,7/5/2009,runforhope@live.com,8155754020 ,http://csn.donordrive.com/index.cfm?fuseaction=cms.page&id=1063,"Woodstock, IL",,,,,,,,,,,,,,,,,
,Over the Top,7/5/2009,info@3disciplines.com,2315462229 ,http://www.3disciplines.com/,"Gaylord, MI",,,,,,,,,,,,,,,,,
,Lakeshore Miracle Run,7/5/2009,vkavanaugh@sbcglobal.net,6163922282 ,http://www.gazellesports.com/,"Holland, MI",,,,,,,,,,,,,,,,,
,2013 Pardeeville Triathlon,7/5/2009,raceday@racedayeventsllc.com,6083165755 ,http://www.racedayeventsllc.com/content/pardeeville-triathlon,"Pardeeville, WI",,,,,,,,,,,,,,,,,
,Stampede Run,7/6/2009,craigwcarlson@comcast.net,8475778572 ,http://frontierdays.org/stampede.htm,"Arlington Heights, IL",,,,,,,,,,,,,,,,,
,Brides Run Chicago,7/6/2009,info@bridesrun.com,7732573569 ,http://www.bridesrun.com/,"Chicago, IL",,,,,,,,,,,,,,,,,
,"Ride Across INdiana: Same Thing, Only Ride More! (RAINSTORM)",7/6/2009,triri@triri.org,8123338176 ,http://www.athletecalendar.com/details.php?race=2446,"Richmond, IN",,,,,,,,,,,,,,,,,
,3 Disciplines - Inter-Rockin Triathlon,7/6/2009,info@3disciplines.com,2315462229 ,http://www.3disciplines.com/,"Interlochen, MI",,,,,,,,,,,,,,,,,
,4th Annual Strike Out ALS 5k,7/8/2009,kmciver@lesturnerals.org,8476793311 ,http://www.strikeoutals5k.org/,"Chicago, IL",,,,,,,,,,,,,,,,,
,2013 Fleet Feet Madison Aquathon #3,7/10/2009,raceday@racedayeventsllc.com,6083165755 ,http://www.racedayeventsllc.com/content/aquathon-series-madison,"Madison, WI",,,,,,,,,,,,,,,,,
,Waugoshance Trail Marathon,7/12/2009,info@greatlakesendurance.com,7157010360 ,http://www.greatlakesendurance.com/,"Cross Village, MI",,,,,,,,,,,,,,,,,
,Lake Geode Challenge,7/12/2009,racedirector@lakegeodechallenge.com,3192091269 ,http://www.lakegeodechallenge.org/,"Danville, IA",,,,,,,,,,,,,,,,,
,Windmill Whirl 5K Race,7/12/2009,rachels@bataviaparks.org,6308795235 ,http://www.bataviaparks.org/,"Batavia, IL",,,,,,,,,,,,,,,,,
,2013 Chicago Chinatown 5K & Youth Run,7/12/2009,info@chinatown5k.com,3128823188 ,http://www.chinatown5k.com/,"Chicago, IL",,,,,,,,,,,,,,,,,
,RundezvousRace,7/12/2009,brian@endorphinadventuresinc.com,8158141100 ,http://rundezvousrace.com/,"Crystal Lake, IL",,,,,,,,,,,,,,,,,
,10th Annual Waterfall Glen Xtreme 10 Race,7/12/2009,higras@communitynurse.org,7083520081 ,http://www.xtreme10race.com/,"Darien, IL",,,,,,,,,,,,,,,,,
,Fisher Fair 5K Run/Fun Walk,7/12/2009,dinis52@aol.com,2178971682 ,http://fisherfair.com/,"Fisher, IL",,,,,,,,,,,,,,,,,
,YMCA/FHN Triathlon,7/12/2009,matt.mullen@highland.edu,8152359622 ,http://www.freeportymca.org/,"Freeport, IL",,,,,,,,,,,,,,,,,
,Evergreen Lake Triathlon,7/12/2009,Trimomevents@frontier.com,3098272272 ,http://www.evergreentri.com/,"Hudson, IL",,,,,,,,,,,,,,,,,
,Run with the Big Dogs 5K and 1 Mile Walk,7/12/2009,stofko121@yahoo.com,2198736296 ,http://www.athletecalendar.com/details.php?race=7252,"Chesterton, IN",,,,,,,,,,,,,,,,,
,"Sunset Tiki Torch 5k, 10k, Kid's 1k",7/12/2009,tom.taylor@outlook.com, ,http://cause2compete.com/werunthistown/tiki5k/,"Portage, IN",,,,,,,,,,,,,,,,,
,Ride Across INdiana (RAIN),7/12/2009,rain@rainride.org, ,http://www.rainride.org/,"Terre Haute to Richmond, IN",,,,,,,,,,,,,,,,,
,3 Disciplines - Indiana I-Tri Triathlon,7/12/2009,info@3disciplines.com,2315462229 ,http://www.3disciplines.com/,"FORT WAYNE, MI",,,,,,,,,,,,,,,,,
,Dances With Dirt Devil's Lake,7/12/2009,events@runningfit.com,7349299027 ,http://www.danceswithdirt.com/,"Baraboo, WI",,,,,,,,,,,,,,,,,
,Home Team Charity Run,7/13/2009,kkennedy@flairagency.com,3129435959 ,http://www.hometeamcharityrun.org/,"Chicago, IL",,,,,,,,,,,,,,,,,
,RUN TO END HOMELESSNESS,7/13/2009,JAMESH@ASAFEHAVEN.COM,7734358300 ,http://www.runtoendhomelessness.org/faf/home/default.asp?ievent=1057984,"CHICAGO, IL",,,,,,,,,,,,,,,,,
,Biking with Beanzie 2013,7/13/2009,BikingwithBeanzie@yahoo.com,3314424166 ,http://kishkiwanis.org/biking-with-beanzie/bwb-general-info/,"DeKalb, IL",,,,,,,,,,,,,,,,,
,2nd Annual 5k Dash N Splash Run/Walk,7/13/2009,info@hpparks.org,6308372468 ,http://hpparks.org/parkfoundation/5kdashnsplash.html,"Hanover Park, IL",,,,,,,,,,,,,,,,,
,Lake Zurich Area Triathlon,7/13/2009,info@321goevents.com,8477272681 ,http://www.321goevents.com/,"Lake Zurich, IL",,,,,,,,,,,,,,,,,
,Tri for Life,7/13/2009,info@3disciplines.com,2315462229 ,http://www.3disciplines.com/,"Otter Lake, MI",,,,,,,,,,,,,,,,,
,1st Annual Walk for Linda: Pancreatic Cancer,7/13/2009,bptaunis@yahoo.com,8159437314 ,https://www.facebook.com/events/calendar,"Lake Geneva, WI",,,,,,,,,,,,,,,,,
,Burgers & Beer 5k,7/14/2009,racedirectors@f3running.com,3125055732 ,http://www.athletecalendar.com/details.php?race=10329,"Chicago, IL",,,,,,,,,,,,,,,,,
,Run For The Kids,7/17/2009,run4thekids@yahoo.com,3129611319 ,http://ignitethespirit.org/events/run-4-the-kids,"Chicago, IL",,,,,,,,,,,,,,,,,
,Esprit de She 5K/10K,7/17/2009,chicagoregistration@lifetimefitness.com,7734042281 ,http://www.espritdeshe.com/page/show/678117-run-chicago,"Chicago, IL",,,,,,,,,,,,,,,,,
,Sundowner 5K,7/17/2009,dgale@jolietpark.org,8157417275 206,http://www.jpdrun3.com/,"Joliet, IL",,,,,,,,,,,,,,,,,
,2013 Fleet Feet Milwaukee Aquathon #3,7/17/2009,raceday@racedayeventsllc.com,6083165755 ,http://www.racedayeventsllc.com/content/aquathon-series-milwaukee,"Menomonee Falls, WI",,,,,,,,,,,,,,,,,
,Swim Across America - Chicago,7/19/2009,sue@swimacrossamerica.org,3126621243 ,http://www.swimacrossamerica.org/chicago,"Chicago, IL",,,,,,,,,,,,,,,,,
,Alexian Brothers Twilight FitFest Half Marathon / 10K / 5K,7/19/2009,info@allcommunityevents.com, ,http://www.allcommunityevents.com/,"Hoffman Estates, IL",,,,,,,,,,,,,,,,,
,Z Tour Bike Ride,7/19/2009,ztourinfo@gmail.com,8158785054 ,http://www.z-tour.org/,"Princeton , IL",,,,,,,,,,,,,,,,,
,Rockton Triathlon,7/19/2009,meshleman@statelinefamilyymca.org,8156235858 ,http://www.athletecalendar.com/details.php?race=10706,"Rockton, IL",,,,,,,,,,,,,,,,,
,Sprint Triathlon #2,7/19/2009,tuxbro@indy.rr.com,3177333300 ,http://www.tuxbro.com/entry-info/SprintTri/SprintTri-Home.php,"Indianapolis, IN",,,,,,,,,,,,,,,,,
,KPC Sprint-Distance NIE Triathlon,7/19/2009,viw@kpcnews.net,2603470400 161,http://www.kpctriathlon.com/,"Kendallville, IN",,,,,,,,,,,,,,,,,
,Mudathlon-Northwest Indiana,7/19/2009,info@mudathlon.com, ,http://mudathlon.com/index.html,"Valparaiso, IN",,,,,,,,,,,,,,,,,
,Sister Lakes Triathlons,7/19/2009,info@3disciplines.com,2315462229 ,http://www.3disciplines.com/,"Sister Lakes, MI",,,,,,,,,,,,,,,,,
,Summer Family 5K Run/Walk,7/19/2009,raceinfo@plprairie.com,2629256742 ,http://recplexonline.com/fitness-wellness/5k-walk-run-events,"Pleasant Prairie, WI",,,,,,,,,,,,,,,,,
,XSport Fitness Rock 'n' Roll Chicago Half Marathon,7/20/2009,rnrchicago@competitorgroup.com,8003111255 ,http://runrocknroll.competitor.com/chicago,"Chicago, IL",,,,,,,,,,,,,,,,,
,Run for Hunger,7/20/2009,run4hunger@eypc.net,6308336600 ,http://run4hunger.org/,"Elmhurst, IL",,,,,,,,,,,,,,,,,
,Chicagoland Inline Marathon,7/20/2009,info@allcommunityevents.com, ,http://www.allcommunityevents.com/,"Hoffman Estates, IL",,,,,,,,,,,,,,,,,
,Cadence Health Winfield Run,7/20/2009,run.sing@yahoo.com,6306536877 ,http://winfieldhistory.com/,"Winfield, IL",,,,,,,,,,,,,,,,,
,3 Disciplines - Mackinaw Multi-Sport Mix,7/20/2009,info@3disciplines.com,2315462229 ,http://www.3disciplines.com/,"Mackinaw City, MI",,,,,,,,,,,,,,,,,
,Undie Dash,7/24/2009,jcain@mychicagoathlete.com,8476750200 210,http://chicagoundiedash.com/,"Chicago, IL",,,,,,,,,,,,,,,,,
,The 11th Annual Run for Gus 5k Run/1 Mile Walk,7/24/2009,jett.miller@gmail.com,3128985517 ,http://www.runforgus.org/,"Chicago, IL",,,,,,,,,,,,,,,,,
,2013 Fleet Feet Madison Aquathon #4,7/24/2009,raceday@racedayeventsllc.com,6083165755 ,http://www.racedayeventsllc.com/content/aquathon-series-madison,"Madison, WI",,,,,,,,,,,,,,,,,
,Great Urban Race,7/26/2009,info@redfrogevents.com,7736874595 ,http://greaturbanrace.com/event2013_chicago.php,"Chicago, IL",,,,,,,,,,,,,,,,,
,BTN Big 10K,7/26/2009,, ,,"Chicago, IL",,,,,,,,,,,,,,,,,
,Iron Abe Triathlon,7/26/2009,Triharderpromotions@gmail.com,2173411309 ,http://www.triharderpromotions.com/,"Springfield, IL",,,,,,,,,,,,,,,,,
,Route 66 Half Iron,7/26/2009,triharderpromotions@gmail.com,2173411309 ,http://www.triharderpromotions.com/,"Springfield , IL",,,,,,,,,,,,,,,,,
,Stone Man Sprint Triathlon,7/26/2009,Triharderpromotions@gmail.com,2173411309 ,http://triharderpromotions.com/,"Springfield, IL",,,,,,,,,,,,,,,,,
,Kids Wauconda Sprint Triathlon,7/26/2009,kblanas@waucondaparks.com,8475263610 ,http://waucondaparks.org/wauconda-sprint-triathlon/,"Wauconda, IL",,,,,,,,,,,,,,,,,
,Zombie Outbreak 5K,7/26/2009,tuxbro@indy.rr.com,3177333300 ,http://www.zombieoutbreak.com/,"Indianapolis, IN",,,,,,,,,,,,,,,,,
,3 Disciplines - Lumberman Triathlon Festival of Races,7/26/2009,info@3disciplines.com,2315462229 ,http://www.3disciplines.com/,"Cadillac, MI",,,,,,,,,,,,,,,,,
,Grand Island Trail Marathon & Half Marathon,7/26/2009,info@greatlakesendurance.com,7157010360 ,http://www.greatlakesendurance.com/,"Munising, MI",,,,,,,,,,,,,,,,,
,2013 Tri-ing for Children's Kid's Triathlon,7/26/2009,raceday@racedayeventsllc.com,6083165755 ,http://www.triingforchildrens.com/,"Dousman, WI",,,,,,,,,,,,,,,,,
,2nd Annual Run for Walk at Northwestern University,7/27/2009,ssullivan@northwestern.edu,8474917504 ,http://nusports.com/runforwalk,"Evanston , IL",,,,,,,,,,,,,,,,,
,Glenview Park District's 12th Annual Sprint Triathlon,7/27/2009,kathleen.mcinnis@glenviewparks.org,2245212596 ,http://www.glenviewparks.org/Fitness/triathlon-fun-run.htm,"Glenview, IL",,,,,,,,,,,,,,,,,
,GYRIG Tinley Park 5K,7/27/2009,christielockhart@getyourrearingear.com,7086147204 ,http://www.getyourrearingear.com/events,"Tinley Park, IL",,,,,,,,,,,,,,,,,
,Wauconda Triathlons,7/27/2009,nburton@waucondaparks.com,8475263610 ,http://www.waucondaparks.com/wauconda-sprint-triathlon/,"Wauconda, IL",,,,,,,,,,,,,,,,,
,3 Disciplines - The Village Tri & Du,7/27/2009,info@3disciplines.com,2315462229 ,http://www.3disciplines.com/,"Clarkston, MI",,,,,,,,,,,,,,,,,
,2013 Tri-ing for Children's Adult Triathlon,7/27/2009,raceday@racedayeventsllc.com,6083165755 ,http://www.triingforchildrens.com/,"Dousman, WI",,,,,,,,,,,,,,,,,
,RMC Triathlon,7/27/2009,rmctriathlon@agnesian.com,9207480528 ,http://www.rmctriathlon.com/,"Green Lake, WI",,,,,,,,,,,,,,,,,
,Call Me Al 5K,7/28/2009,tuxbro@indy.rr.com,3177333300 ,http://www.tuxbro.com/,"Zionsville, IN",,,,,,,,,,,,,,,,,
,Summer Sunset 5K and Family Night,7/30/2009,president@foxrivertrailrunners.org, ,http://www.foxrivertrailrunners.org/summersunset,"Geneva, IL",,,,,,,,,,,,,,,,,
,Terrapin 5k & Music Festival,7/31/2009,info@ramracing.org, ,http://www.terrapin5k.com/,"Chicago, IL",,,,,,,,,,,,,,,,,
,2013 Fleet Feet Milwaukee Aquathon #4,7/31/2009,raceday@racedayeventsllc.com,6083165755 ,http://www.racedayeventsllc.com/content/aquathon-series-milwaukee,"Menomonee Falls, WI",,,,,,,,,,,,,,,,,
,Coach Mark Buciak Summer Running Camp,8/1/2009,theroadtoboston@rcn.com,7733070033 ,http://www.theroadtoboston.info/,"Burrington, IL, WI",,,,,,,,,,,,,,,,,
,"The Red, White & Blue-John Kurz 5K run/walk- Honoring our Veterans",8/2/2009,lpage@bensenvilleparkdistrict.org,6307667015 ,http://www.bensenvilleparkdistrict.org/,"Bensenville, IL",,,,,,,,,,,,,,,,,
,CowaLUNGa 2013 Bike Tour,8/2/2009,niki@lungchicago.org,3126280212 ,http://www.cowalunga.org/,"Gurnee, IL",,,,,,,,,,,,,,,,,
,5K Run/Walk for The Kids,8/2/2009,info@il-lb.easterseals.com,8154340857 ,http://www.athletecalendar.com/details.php?race=10662,"Ottawa, IL",,,,,,,,,,,,,,,,,
,SwedishAmerican State Street Mile,8/2/2009,mark.hepworth1@gmail.com,8159858096 ,http://www.swedishamerican.org/,"Rockford, IL",,,,,,,,,,,,,,,,,
,Shape Diva Dash- Chicagoland,8/2/2009,john@adventurefit.com, ,http://divadash.com/,"Sandwich, IL",,,,,,,,,,,,,,,,,
,Music in Motion 5K,8/2/2009,lauffline@comcast.net,8156261948 ,http://www.musicinmotion5k.org/,"Sterling, IL",,,,,,,,,,,,,,,,,
,The Legend,8/2/2009,events@runningfit.com,7349299027 ,http://www.runlegend.com/,"Laingsburg, MI",,,,,,,,,,,,,,,,,
,2013 Sheboygan Brat Trot,8/2/2009,raceday@racedayeventsllc.com,6083165755 ,http://www.racedayeventsllc.com/content/sheboygan-brat-trot,"Kohler, WI",,,,,,,,,,,,,,,,,
,34th Annual Woodson YMCA Triathlon,8/2/2009,woodsonymcatri@yahoo.com,7158452177 ,http://www.woodsonymca.com/,"Wausau, WI",,,,,,,,,,,,,,,,,
,Camp Courageous Triathlon,8/3/2009,info@campcourageous.org,3194655916 211,http://www.campcourageous.org/,"Monticello, IA",,,,,,,,,,,,,,,,,
,Coon Creek Classic,8/3/2009,stephanie@hampshireparkdistrict.org,8476832690 202,http://www.hampshireparkdistrict.org/,"Hampshire, IL",,,,,,,,,,,,,,,,,
,28th Annual I Tried a Triathlon,8/3/2009,kvest@oswegolandpd.org,6305544425 ,http://oswegolandparkdistrict.org/,"Oswego, IL",,,,,,,,,,,,,,,,,
,Tri Indy,8/3/2009,tuxbro@indy.rr.com,3177333300 ,http://www.tuxbro.com/entry-info/TRIINDY/TriIndy-Home.php,"Indianapolis, IN",,,,,,,,,,,,,,,,,
,Oshkosh Area Triathlon,8/3/2009,info@midwestsportsevents.com,8004298044 ,http://midwestsportsevents.com/,"Winneconne, WI",,,,,,,,,,,,,,,,,
,ZOOMA Chicago Half Marathon + 10K,8/9/2009,info@zoomarun.com,7033492230 ,http://zoomarun.com/,"Chicago, IL",,,,,,,,,,,,,,,,,
,Gurnee Days 10k Race and 2 Mile Fun Run,8/9/2009,ron@gurneeparkdistrict.com,8476237788 ,http://gurneeparkdistrict.com/,"Gurnee, IL",,,,,,,,,,,,,,,,,
,"6th Annual Mendota Community Hospital CornaPalooza 5K/10K Run, 5K Walk",8/9/2009,jgahan@mendotahospital.org,8155397461 3209,http://www.mendotahospital.org/,"Mendota, IL",,,,,,,,,,,,,,,,,
,I.V.C.A.'s 5th Annual Mendota Sweet Corn Century,8/9/2009,davebrew@mtco.com,8155382425 ,http://bikeiv.org/sweet_corn_century.html,"Mendota, IL",,,,,,,,,,,,,,,,,
,Sweet Corn Century,8/9/2009,, ,,"Mendota, IL",,,,,,,,,,,,,,,,,
,Personal Best 5,8/9/2009,tuxbro@indy.rr.com,3177333300 ,http://www.tuxbro.com/,"Indianapolis, IN",,,,,,,,,,,,,,,,,
,Tahqua Trail Run,8/9/2009,info@greatlakesendurance.com,7157010360 ,http://www.greatlakesendurance.com/,"Paradise, MI",,,,,,,,,,,,,,,,,
,Sanford and Sun Triathlon and Duathlon,8/9/2009,info@3disciplines.com,2315462229 ,http://www.3disciplines.com/,"Sanford, MI",,,,,,,,,,,,,,,,,
,Wisconsin Dairyland Dare Cycling Challenge,8/9/2009,michelle@dairylanddare.com,6085530144 ,http://www.dairylanddare.com/,"Dodgeville, WI",,,,,,,,,,,,,,,,,
,Gopher To Badger Run,8/9/2009,info@finalstretch.com,5076649438 ,http://www.finalstretch.com/running-events/gopher-to-badger/info/,"Hudson, WI",,,,,,,,,,,,,,,,,
,Hank Aaron State Trail 5K Run/Walk,8/9/2009,lsjacquart@gmail.com,2627818877 ,http://www.hankaaronstatetrail.org/,"Milwaukee, WI",,,,,,,,,,,,,,,,,
,Pleasant Prairie Junior Triathlon,8/9/2009,raceinfo@plprairie.com,2629256742 ,http://recplexonline.com/triathlons-special-events/pleasant-prairie-junior-triathlon,"Pleasant Prairie, WI",,,,,,,,,,,,,,,,,
,John Hatherly Mid Century Ride Waupaca,8/9/2009,info@321goevents.com,8477272681 ,http://www.321goevents.com/,"Waupaca, WI",,,,,,,,,,,,,,,,,
,Chicago 10K,8/10/2009,info@chicago10K.com, ,http://www.chicago10k.com/,"Chicago, IL",,,,,,,,,,,,,,,,,
,3 Disciplines - Petoskey's Epic Triathlons,8/10/2009,info@3disciplines.com,2315462229 ,http://www.3disciplines.com/,"Petoskey, MI",,,,,,,,,,,,,,,,,
,Elvis is Alive 5K,8/14/2009,Race@FleetFeetChicago.com,7735613338 2,http://www.elvisisalive5k.com/,"Chicago, IL",,,,,,,,,,,,,,,,,
,2013 Fleet Feet Madison Aquathon #5,8/14/2009,raceday@racedayeventsllc.com,6083165755 ,http://www.racedayeventsllc.com/content/aquathon-series-madison,"Madison, WI",,,,,,,,,,,,,,,,,
,Waupaca Kids Triathlon,8/15/2009,lynn@waupacaareachamber.com,7152587343 ,http://www.waupacaareatriathlon.com/,"Waupaca, WI",,,,,,,,,,,,,,,,,
,Mahomet Half Marathon & 5K,8/16/2009,maycrace@mchsi.com,2177669008 ,http://maycrace.home.mchsi.com/,"Mahomet, IL",,,,,,,,,,,,,,,,,
,Oregon Park District Sprint Triathlon,8/16/2009,jena@oregonpark.org,8157323101 ,http://www.oregonpark.org/,"Oregon, IL",,,,,,,,,,,,,,,,,
,Sprint Triathlon #3,8/16/2009,tuxbro@indy.rr.com,3177333300 ,http://www.tuxbro.com/entry-info/SprintTri/SprintTri-Home.php,"Indianapolis, IN",,,,,,,,,,,,,,,,,
,Fallsburg Festival of Races,8/16/2009,coachdroski@aim.com,6162602669 ,http://www.fallsburghalf.8k.com/,"Lowell, MI",,,,,,,,,,,,,,,,,
,Three Rivers Triathlon/ Duathlon,8/16/2009,, ,,"THREE RIVERS, MI",,,,,,,,,,,,,,,,,
,Three Rivers Triathlon/Duathlon,8/16/2009,aquamantriusa@yahoo.com,2692782075 ,http://www.aquamantri.com/,"THREE RIVERS, MI",,,,,,,,,,,,,,,,,
,Madison Mini-Marathon & 5k,8/16/2009,info@madisonminimarathon.com,8004950474 ,http://www.madisonminimarathon.com/,"Madison, WI",,,,,,,,,,,,,,,,,
,2011 Shoreline Duathlon,8/16/2009,russell.delap@cuw.edu,2622434323 ,http://www.imathlete.com/,"Mequon, WI",,,,,,,,,,,,,,,,,
,Waupaca Area Triathlon,8/16/2009,lynn@waupacaareachamber.com,7152587343 ,http://www.waupacaareachamber.com/,"Waupaca, WI",,,,,,,,,,,,,,,,,
,Pigman Long Course & Olympic Triathlon,8/17/2009,john@pigmantri.com,3193730741 ,http://pigmantri.com/,"Palo, IA",,,,,,,,,,,,,,,,,
,Wright Ride,8/17/2009,mstewart@oprhc.org,7088487150 ,http://oakparkcycleclub.org/wright_ride,"Oak Park, IL",,,,,,,,,,,,,,,,,
,Windrunner 10k,8/17/2009,windrunnerpres@gmail.com,6308495463 ,http://www.windrunners.org/Windrunner10k,"Wheaton, IL",,,,,,,,,,,,,,,,,
,Woodridge Rotary 14th Annual Mini-Triathlon (Chicagoland's Largest Mini Tri),8/17/2009,madams@woodridgeparks.org,6303533329 ,http://www.woodridgerotary.org/,"Woodridge, IL",,,,,,,,,,,,,,,,,
,3 Disciplines - Ludington Lighthouse Tri Ludingtons ORINIGNAL AND BEST,8/17/2009,info@3disciplines.com,2315462229 ,http://www.3disciplines.com/,"Ludington, MI",,,,,,,,,,,,,,,,,
,Ganther Race the Lake,8/17/2009,info@midwestsportsevents.com,8004298044 ,http://midwestsportsevents.com/,"Fond Du Lac, WI",,,,,,,,,,,,,,,,,
,2013 Fleet Feet Milwaukee Aquathon #5,8/21/2009,raceday@racedayeventsllc.com,6083165755 ,http://www.racedayeventsllc.com/content/aquathon-series-milwaukee,"Menomonee Falls, WI",,,,,,,,,,,,,,,,,
,DeKalb Corn Classic 10K,8/23/2009,director@dekalbcornclassic.org,8152001056 ,http://www.dekalbcornclassic.org/,"DeKalb, IL",,,,,,,,,,,,,,,,,
,No Baloney Bicycle Ride,8/23/2009,NoBaloneyBicycleRide@gmail.com,3093633066 ,http://ivwnobaloney.com/,"Morton, IL",,,,,,,,,,,,,,,,,
,Thunder Rolls Adventure Race,8/23/2009,gerryv@teamhighprofile.com,5633705235 ,http://thethunderrolls.org/,"Mt. Carroll, IL",,,,,,,,,,,,,,,,,
,Cori's Kids Triathlon,8/23/2009,tmichalik@riverside.il.us,7084427025 ,http://www.riverside.il.us/,"Riverside, IL",,,,,,,,,,,,,,,,,
,Go Girl Triathlon,8/23/2009,tuxbro@indy.rr.com,3177333300 ,http://www.tuxbro.com/entry-info/GoGirl/GoGirl-Home.php,"Indianapolis, IN",,,,,,,,,,,,,,,,,
,Tour de La Porte,8/23/2009,tourdelaporte@iuhealth.org,8772654539 ,http://www.tourdelaporte.org/,"La Porte, IN",,,,,,,,,,,,,,,,,
,Wabash River Ride,8/23/2009,ashirsch@me.com,7654917449 ,http://www.wrcc-in.org/WRR,"West Lafayette, IN",,,,,,,,,,,,,,,,,
,Run for the Rolls,8/23/2009,runfortherolls@hotmail.com,7344750843 ,http://runfortherolls.com/,"Chelsea, MI",,,,,,,,,,,,,,,,,
,Chicago Hal Marathon/ 5k,9/7/2009,info@chicagohalfmarathon.com,18005965990 ,http://www.chicagohalfmarathon.com/Home.htm,"Chicago, IL",,,,,,,,,,,,,,,,http://results.active.com/events/chicago-half-marathon-hyundai-hope-on-wheels-5k--2/half-marathon-wheelers,http://www.chicagohalfmarathon.com/Assets/Chicago+Half+Marathon+Digital+Assets/2012+CHM+Course+Map.pdf
,Run Like A Mother 5k,5/12/2013,,6309861758 ,http://www.runlikeamotherrace.com/,"Hinsdale, IL",,,,,,,,,,,,,,,,,
,Mother's Day 5k & Kids' 1k,5/12/2013,info@cause2compete.com, ,http://cause2compete.com/,"Portage, IN",,,,,,,,,,,,,,,,,http://www.mapmyrun.com/us/portage-in/mother-s-day-5k-route-165054638
,"Ride of Silence, Joliet, IL",5/15/2013,sjbriese@yahoo.com,8157152851 ,,"Joliet, IL",,,,,,,,,,,,,,,,,
,Marion Arts Festival Races,5/18/2013,artrun@pigmantri.com,3193730741 ,,"Marion, IA",,,,,,,,,,,,,,,,,
,Dick Pond Athletics/Carol Stream Park District JUST RUN 5K,5/18/2013,debbie@dickpondathletics.com,6306653316 ,,"Carol Stream, IL",,,,,,,,,,,,,,,,,
,The Epilepsy Foundation of Greater Chicago's 5K,5/18/2013,info@epilepsychicago.org,3129398622 ,http://epilepsychicago.donordrive.com/index.cfm?fuseaction=cms.page&id=1003&eventID=535,"Chicago, IL",,,,,,,,,,,,,,,,,
,Alberto's 11th Annual Women's Cycling Clinic,5/18/2013,Wendy@albertoscycles.com,8474320015 ,,"Highland Park , IL",,,,,,,,,,,,,,,,,
,Dare2Care 5k,5/18/2013,tfrancis@firstassemblyjoliet.org,8154368200 ,,"Joliet, IL",,,,,,,,,,,,,,,,,
,The Lilac Mutt Strut 5K Run & Puppy Path,5/18/2013,ghooper@lombardparks.com,6306207322 ,,"Lombard, IL",,,,,,,,,,,,,,,,,
,Bridge the Gap to Health Race,5/18/2013,btg@quincymedgroup.com, ,,"Quincy, IL",,,,,,,,,,,,,,,,,
,Inaugural Truckin 5K/Walk Kids 1 mile Obstacle Run,5/18/2013,nmaldonado@romeoville.org,8158866222 ,,"Romeoville, IL",,,,,,,,,,,,,,,,,
,Divine Infant Miles for Miracles 5K Run / 1-Mile Health Walk,5/18/2013,dimilesformiracles@yahoo.com,7083437728 ,,"Westchester, IL",,,,,,,,,,,,,,,,,
,Oaklawn Hospital Hospitality Classic,5/18/2013,tchaney@oaklawnhospital.com,2697898134 ,,"Marshall, MI",,,,,,,,,,,,,,,,,
,Midland Community Center's Dow RunWalk,5/18/2013,dowrun@mymcc.org,9898327937 2221,,"Midland, MI",,,,,,,,,,,,,,,,,
,Syttende Mai 20 Mile Run - 41st Annual,5/18/2013,syttendemai@gmail.com,6088737912 ,,"Madison, WI",,,,,,,,,,,,,,,,,
,Tour de Cure Madison - American Diabetes Association,5/18/2013,bfolco@diabetes.org,6082227785 ,,"Madison , WI",,,,,,,,,,,,,,,,,
,Syttende Mai Walk - 27th Annual,5/18/2013,syttendemai@gmail.com,6088737912 ,,"Madison, WI to Stoughton, WI, WI",,,,,,,,,,,,,,,,,
,Chicagoland Spring Marathon & Half Marathon,5/19/2013,info@allcommunityevents.com, ,,"Schaumburg, IL",,,,,,,,,,,,,,,,,
,13th Road Scholars 5K Run / Walk at Rosary High School,5/19/2013,5k@rosaryhs.com,6308960831 19,,"Aurora, IL",,,,,,,,,,,,,,,,,
,3 Disciplines - Gateway Triathlons,5/19/2013,info@3disciplines.com,2315462229 ,,"Carlyle, IL",,,,,,,,,,,,,,,,,
,Chicago Spring Half Marathon & 10K,5/19/2013,chicagoregistration@lifetimefitness.com,7734042281 ,,"Chicago, IL",,,,,,,,,,,,,,,,,
,"13th Annual Darien Dash 10K, 5K and 1 Mile Fun Walk/Run",5/19/2013,clare@darienchamber.com,6309680004 ,,"Darien, IL",,,,,,,,,,,,,,,,,
,Promise Walk & 5K Run for Preeclampsia,5/19/2013,jill.siegel@preeclampsia.org,7733017023 ,,"Elk Grove Village, IL",,,,,,,,,,,,,,,,,
,14th Annual Annie Ryan Run Run,5/19/2013,mnoldan@yahoo.com,6304152324 ,,"Elmhurst, IL",,,,,,,,,,,,,,,,,
,Merrell Down & Dirty presented by Subaru,5/19/2013,downanddirty@mesp.com,8187078866 ,,"Gilberts, IL",,,,,,,,,,,,,,,,,
,Merrell Down & Dirty presented by Subaru - Chicago,5/19/2013,downanddirty@mesp.com,8187078866 ,,"Gilberts, IL",,,,,,,,,,,,,,,,,
,28th Annual Tower Triathlon,5/19/2013,lcole@ymcachicago.org,8474105141 ,,"Niles, IL",,,,,,,,,,,,,,,,,
,Battle of the Badge 5K and Kids Run,5/19/2013,moabrunner@yahoo.com,8478095354 ,,"Palatine, IL",,,,,,,,,,,,,,,,,
,"Rockford Marathon, Half Marathon, and 10k",5/19/2013,jruston@chicagoevents.com,7735846638 ,,"Rockford, IL",,,,,,,,,,,,,,,,,
,Wellness Place Community Cancer 1M Walk & 5K Run,5/19/2013,marketing@wellnessplace.org,8472212400 ,,"S Barrington, IL",,,,,,,,,,,,,,,,,
,Des Plaines River Canoe & Kayak Marathon,5/19/2013,info@canoemarathon.com,8476042445 ,,"Starts: Libertyville, IL",,,,,,,,,,,,,,,,,
,Seven Bridges Season Starters Trail and Road Races,5/19/2013,chamber@woodridgechamber.org,6309607080 ,,"Woodridge, IL",,,,,,,,,,,,,,,,,
,Cellcom Green Bay Marathon,5/19/2013,info@cellcomgreenbaymarathon.com,9204326272 ,,"Green Bay, WI",,,,,,,,,,,,,,,,,
,Madison Mud Run - Spring - Pajama Party!,5/19/2013,raceday@racedayeventsllc.com,6083165755 ,,"Verona, WI",,,,,,,,,,,,,,,,,
,Chicago Athlete Presents Thursday Night Bicycle Racing in Northbrook,5/23/2013,comm@northbrookvelodrome.org,8472912980 ,,"Northbrook, IL",,,,,,,,,,,,,,,,,
,2013 Fleet Feet Madison Aquathon #1,5/23/2013,raceday@racedayeventsllc.com,6083165755 ,,"Madison, WI",,,,,,,,,,,,,,,,,
,Dick Pond Athletics Carol Stream:Walk 2 Run Session Two,5/25/2013,debbie@dickpondathletics.com,6306653316 ,,"Carol Stream, IL",,,,,,,,,,,,,,,,,
,Trifesta Sprint Triathlon,5/25/2013,drrubright96@msn.com,6189427376 ,,"Carterville, IL",,,,,,,,,,,,,,,,,
,Fleet Feet Sports Soldier Field 10 Mile,5/25/2013,Info@SoldierField10.com,7735613338 2,,"Chicago, IL",,,,,,,,,,,,,,,,,
,Bike to Galena Vineyard,5/25/2013,feverriver@sbcglobal.net,8157769425 ,,"Galena, IL",,,,,,,,,,,,,,,,,
,Blackhawk Country Roads 2013,5/25/2013,RPLANTZ@aol.com,8158716379 ,,"Rockton, Illinois, IL",,,,,,,,,,,,,,,,,
,"Salute, Inc. got freedom? 5K/10K run & 5K walk",5/26/2013,saluteinc@yahoo.com,8473598811 ,,"Arlington Heights, IL",,,,,,,,,,,,,,,,,
,Tour de Cure at Bike the Drive,5/26/2013,lmarieadams@diabetes.org,3123461805 6568,,"Chicago, IL",,,,,,,,,,,,,,,,,
,The Gravel Metric - presented by AXLETREE,5/26/2013,tobie@northcentralcyclery.com,8157582403 ,,"DeKalb, IL",,,,,,,,,,,,,,,,,
,MMTT Youth Triathlon,5/26/2013,mmtttri@gmail.com,8479093200 ,,"Geneva, IL",,,,,,,,,,,,,,,,,
,3 Disciplines - 24th Seahorse Challenge,5/26/2013,info@3disciplines.com,2315462229 ,,"Kalamazoo, MI",,,,,,,,,,,,,,,,,
,St. Joseph Jubilee Jog,5/27/2013,Dmabin1@comcast.net,8478646343 ,,"Wilmette, IL",,,,,,,,,,,,,,,,,
,Ridge Run 2013,5/27/2013,patrick6750@sbcglobal.net,7733165478 ,,"chicago, IL",,,,,,,,,,,,,,,,,
,Hoof It for Hephzibah,5/27/2013,tinabhutchinson@aol.com,6308583023 ,,"Glen Ellyn, IL",,,,,,,,,,,,,,,,,
,The 48th Annual Quad Cities Criterium,5/27/2013,bcycleracr@mchsi.com,3097378270 ,,"Rock Island, IL",,,,,,,,,,,,,,,,,
,St. Alexander Memorial Day 5K,5/27/2013,sberry245@yahoo.com, ,,"Villa Park, IL",,,,,,,,,,,,,,,,,
,Kent's Run,5/27/2013,reggie@ptsc.k12.in.us,2193807933 ,,"Valparaiso, IN",,,,,,,,,,,,,,,,,
,Run to Climax,5/27/2013,spmtn@hotmail.com,2696268611 ,,"Climax, MI",,,,,,,,,,,,,,,,,
,Wild West 50K and Relay,5/27/2013,coachdroski@aim.com,6162602669 ,,"Lowell, MI",,,,,,,,,,,,,,,,,
,10 mile Bicycle Race record attempt at the Ed Rudolph Velodrome,5/30/2013,comm@northbrookvelodrome.org,8472912980 ,,"Northbrook, IL",,,,,,,,,,,,,,,,,
,2013 Fleet Feet Milwaukee Aquathon #1,5/30/2013,raceday@racedayeventsllc.com,6083165755 ,,"Menomonee Falls, WI",,,,,,,,,,,,,,,,,
,alphARace,5/31/2013,info@alpharace.com, ,,"Midland, MI",,,,,,,,,,,,,,,,,
,CAMBA Festival of the Trails,5/31/2013,camba@cheqnet.net,7157983599 ,,"Cable, WI",,,,,,,,,,,,,,,,,
,ZERO Prostate Cancer Run Chicago,6/1/2013,tcameron@advuro.com, ,,"Joliet, IL",,,,,,,,,,,,,,,,,
,2013 Run the Ridge 5K and 1K Run/Walk,6/1/2013,maureen@right-fit.com,6308504050 ,,"Burr Ridge, IL",,,,,,,,,,,,,,,,,
,Breakthrough for Brain Tumors 5K,6/1/2013,events@abta.org,8008861281 ,,"Chicago, IL",,,,,,,,,,,,,,,,,
,Humboldt Dream Run 5k/10k,6/1/2013,humboldtdreamrun@gmail.com,7733842200 ,,"Chicago, IL",,,,,,,,,,,,,,,,,
,Tri-Shark Triathlon/Duathlon,6/1/2013,Trimomevents@frontier.com,3098272272 ,,"Hudson, IL",,,,,,,,,,,,,,,,,
,Mazon United Methodist 5K,6/1/2013,mazonmethodist@aol.com,8154839343 ,,"Mazon, IL",,,,,,,,,,,,,,,,,
,Jeanine Nicarico Memorial Funds Glow 5K Run For Reading,6/1/2013,traceyn14@yahoo.com,6306159036 ,,"Naperville, IL",,,,,,,,,,,,,,,,,
,Lew Blond Memorial 5K Run/Walk,6/1/2013,ncarter@district30.org,8474008900 ,,"Northbrook, IL",,,,,,,,,,,,,,,,,
,Oak Brook Park District Cori's Triathlon,6/1/2013,cpiasecki@obparks.org,6306459529 ,,"Oak Brook, IL",,,,,,,,,,,,,,,,,
,5k Foam Fest,6/1/2013,yourock@roundhouseracing.com, ,,"Ottawa, IL",,,,,,,,,,,,,,,,,
,Unlimited Performance 5K,6/1/2013,claurent@kishhospital.org,8157488900 6064,,"Sycamore, IL",,,,,,,,,,,,,,,,,
,Cosley Zoo Run for the Animals,6/1/2013,mwilhelmi@wheatonparks.org,6305105135 ,,"Wheaton, IL",,,,,,,,,,,,,,,,,
,Race Away from Domestic Violence,6/1/2013,tuxbro@indy.rr.com,3177333300 ,,"Indianapolis, IN",,,,,,,,,,,,,,,,,
,Green Bay Triathlon and Kids' Triathlon,6/1/2013,info@midwestsportsevents.com,8004298044 ,,"Green Bay, WI",,,,,,,,,,,,,,,,,
,Pigman Sprint Triathlon,6/2/2013,john@pigmantri.com,3193730741 ,,"Palo, IA",,,,,,,,,,,,,,,,,
,Great Strides 5K,6/2/2013,ethompson@cff.org,3122364491 108,,"Barrington, IL",,,,,,,,,,,,,,,,,
,North Shore 1/2 Marathon and 5k,6/2/2013,info@ramracing.org, ,,"Highland Park, IL",,,,,,,,,,,,,,,,,
,River Grove FOP 5K run/walk,6/2/2013,walterwendel@sbcglobal.net,7083377677 ,,"River Grove, IL",,,,,,,,,,,,,,,,,
,Sterling Park District Brad Onken Memorial SMART Summer Sizzler 5K,6/2/2013,sbrenner@sterlingparks.org,8156226063 ,,"Sterling, IL",,,,,,,,,,,,,,,,,
,The Udder Century,6/2/2013,udder@charter.net, ,,"Union, IL",,,,,,,,,,,,,,,,,
,One Step at a Time 5k,6/2/2013,monteesraces@gmail.com, ,,"Winnketa , IL",,,,,,,,,,,,,,,,,
,Leon's World's Fastest Triathlon,6/2/2013,leonstriathlon@aol.com,2199621866 ,,"Hammond, IN",,,,,,,,,,,,,,,,,
,Diamond Lake Open Water Challenge,6/2/2013,coachcraig@precisionmultisport.com,8476410067 ,,"Cassopolis , MI",,,,,,,,,,,,,,,,,
,Hot! Pursuit MEN's ONLY Triathlon,6/2/2013,info@3disciplines.com,2315462229 ,,"Monroe, MI",,,,,,,,,,,,,,,,,
,2013 Lake Mills Triathlon,6/2/2013,raceday@racedayeventsllc.com,6083165755 ,,"Lake Mills, WI",,,,,,,,,,,,,,,,,
,Run For The Soul 5K,6/2/2013,cjudell@hotmail.com,6083027088 ,,"Whitewater, WI",,,,,,,,,,,,,,,,,
,Stroke and Stride,6/5/2013,registration@lith.org,8479607460 ,,"Lake in the Hills, IL",,,,,,,,,,,,,,,,,
,LaGrange Rocks 5K,6/7/2013,cjjohnston226@sbcglobal.net,7085795898 ,,"La Grange, IL",,,,,,,,,,,,,,,,,
,Ragnar Relay Chicago,6/7/2013,meredith@ragnarrelay.com,8014995024 ,,"Madison, WI",,,,,,,,,,,,,,,,,
,Runnin' With The Horses 5k,6/8/2013,kchurilla@balmoralpark.com,7086721414 ,,"Crete, IL",,,,,,,,,,,,,,,,,
,Route 66 10K,6/8/2013,info@metromilers.com,6184442967 ,,"Edwardsville, IL",,,,,,,,,,,,,,,,,
,Pair Up for Health Trail Race Challenge,6/8/2013,Director@PairUpforHealth.com,3096570908 ,,"Hanna City, IL",,,,,,,,,,,,,,,,,
,Apine Runners Bank of America Chicago Marathon Training Program,6/8/2013,beth@alpinerunners.com,8472098843 ,,"Lake Zurich, IL",,,,,,,,,,,,,,,,,
,Summertime Stride 5K Run & Walk,6/8/2013,info@mokenapark.com,7083902401 ,,"Mokena, IL",,,,,,,,,,,,,,,,,
,St Norbert Block Party 5K Run,6/8/2013,stnorbert5k@gmail.com,8472727090 ,,"Northbrook, IL",,,,,,,,,,,,,,,,,
,Respond Now 5K Run/Walk for Hunger,6/8/2013,aweber@respondnow.org,7084663099 ,,"Olympia Fields, IL",,,,,,,,,,,,,,,,,
,The Prairie Triathlon at NorthPointe,6/8/2013,glarson@northpointehealth.org,8155254040 ,,"Roscoe, IL",,,,,,,,,,,,,,,,,
,Run For The Stars 5K,6/8/2013,racedirector@runforthestars.com,6306680878 ,,"Wheaton, IL",,,,,,,,,,,,,,,,,
,Head for the Cure,6/8/2013,tuxbro@indy.rr.com,3177333300 ,,"Carmel, IN",,,,,,,,,,,,,,,,,
,Outrun the Sun,6/8/2013,tuxbro@indy.rr.com,3177333300 ,,"Indianapolis, IN",,,,,,,,,,,,,,,,,
,Indian/Celina Challenge Marathon & Half Marathon,6/8/2013,chrishollinden@gmail.com,8125474154 ,,"Leopold, IN",,,,,,,,,,,,,,,,,
,Lincoln's Christmas in June Sprint Triathlon,6/8/2013,ethan@cross-roads-events.com,8122080928 ,,"Lincoln City, IN",,,,,,,,,,,,,,,,,
,River City Triathlon,6/8/2013,stacy.lods@casscountyymca.org,5747535141 ,,"Logansport, IN",,,,,,,,,,,,,,,,,
,Brian Diemer Amerikam 5K,6/8/2013,racedirector@diemerrun.com,6162951073 ,,"Grand Rapids , MI",,,,,,,,,,,,,,,,,
,Lake Andrea Open Water Swim,6/8/2013,fitness@plprairiewi.com,2629256742 ,,"Pleasant Prairie, WI",,,,,,,,,,,,,,,,,
,Chicagoland Tour de Cure,6/9/2013,lmarieadams@diabetes.org,3123461805 6568,,"Aurora, IL",,,,,,,,,,,,,,,,,
,F.A.B. 5K,6/9/2013,fab5krun@gmail.com,7737106554 ,,"Arlington Heights, IL",,,,,,,,,,,,,,,,,
,ET Batavia Duathlon,6/9/2013,triathlon@cityofbatavia.net,6304309006 ,,"Batavia, IL",,,,,,,,,,,,,,,,,
,ET Batavia Splash & Dash Youth Aquathlon,6/9/2013,triathlon@cityofbatavia.net,6304309006 ,,"Batavia, IL",,,,,,,,,,,,,,,,,
,ET Batavia Triathlon,6/9/2013,triathlon@cityofbatavia.net,6304309006 ,,"Batavia, IL",,,,,,,,,,,,,,,,,
,Grand Illiniois Trail And Parks bike tour,6/9/2013,chuckace2@gmail.com,3097881845 ,,"Channahon, IL",,,,,,,,,,,,,,,,,
,Aspire 5K Run,6/9/2013,aspire5K@att.net,8153415626 ,,"Joliet, IL",,,,,,,,,,,,,,,,,
,Loyola University Health System 5k Race/Walk & Children's Character Competition,6/9/2013,development@lumc.edu,7082165352 ,,"Maywood, IL",,,,,,,,,,,,,,,,,
,Equestrian Connection Off To The RACES!!!!,6/9/2013,info@equestrianconnection.org,8476158696 ,,"Mettawa, IL",,,,,,,,,,,,,,,,,
,Equestrian Connection Trail Races,6/9/2013,info@equestrianconnection.org,8476158696 ,,"Mettawa, IL",,,,,,,,,,,,,,,,,
,Esprit de She Triathlon,6/9/2013,chicagoregistration@lifetimefitness.com,7734042281 ,,"Naperville, IL",,,,,,,,,,,,,,,,,
,Touring Ride in Rural Indiana (TRIRI) June Bicycle Rally,6/9/2013,triri@triri.org,8123338176 ,,"Madison and Nashville, IN",,,,,,,,,,,,,,,,,
,Grand Rapids Triathlon,6/9/2013,chris@tris4health.com,6168053059 ,,"Ada, MI",,,,,,,,,,,,,,,,,
,3 Disciplines - Big Fish Triathlon,6/9/2013,info@3disciplines.com,2315462229 ,,"Hadley Township, MI",,,,,,,,,,,,,,,,,
,Ramble - 32nd Annual BCLC Ramble Bicycle Event,6/9/2013,Ramble@BikeBCLC.com,5127870193 ,,"Wilmot, WI",,,,,,,,,,,,,,,,,
,2013 Fleet Feet Madison Aquathon #2,6/13/2013,raceday@racedayeventsllc.com,6083165755 ,,"Madison, WI",,,,,,,,,,,,,,,,,
,Lake Andrea Cross-Lake Swim,6/13/2013,fitness@plprairie.com,2629256742 ,,"Pleasant Prairie, WI",,,,,,,,,,,,,,,,,
,2013 Fight For Air Ride,6/14/2013,events@lungsil.org,3127811100 ,,"Crystal Lake, IL",,,,,,,,,,,,,,,,,
,Waffle 5k Shuffle,6/15/2013,avasquez@wooddaleparkdistrict.org,6305959333 ,,"Wood Dale , IL",,,,,,,,,,,,,,,,,
,The Rockford Olympic Triathlon,6/15/2013,Al@Rockfordtriathlon.com,8152222374 ,,"Rockford, IL",,,,,,,,,,,,,,,,,
,Brett's Run,6/15/2013,brettsrun@gmail.com, ,,"Genoa, IL",,,,,,,,,,,,,,,,,
,Rail Splitter Intermediate Triathlon,6/15/2013,triharderpromotions@gmail.com,2173411309 ,,"Lincoln's New Salem State Historic Site, IL",,,,,,,,,,,,,,,,,
,Stovepipe Sprint,6/15/2013,triharderpromotions@gmail.com,2173411309 ,,"Lincoln's New Salem State Historic Site, IL",,,,,,,,,,,,,,,,,
,Strive for 5 5K Run,6/15/2013,mmacella@mppd.org,8476401000 ,,"Mount Prospect, IL",,,,,,,,,,,,,,,,,
,Run For The Cops,6/15/2013,run4thecops@yahoo.com,3129611319 ,,"Palos Park, IL",,,,,,,,,,,,,,,,,
,The Biggest Loser RunWalk Rockford 5K/15K/Kids One Mile Fun Run,6/15/2013,contact@BiggestLoserRunWalk.com, ,,"Rockford, IL",,,,,,,,,,,,,,,,,
,Sesser 5K Fun Run & Walk,6/15/2013,deborah_hutson2000@yahoo.com,6182189145 ,,"Sesser, IL",,,,,,,,,,,,,,,,,
,"Sesser Homecoming 5K - June 15, 2013, 8:00am,Saturday, Sesser, Illinois, The Custard Stand",6/15/2013,deborah_hutson2000@yahoo.com,6182189145 ,,"Sesser, IL",,,,,,,,,,,,,,,,,
,Necktie 5K Walk & Run,6/15/2013,necktierun@yahoo.com,2198402800 ,,"Beverly Shores, IN",,,,,,,,,,,,,,,,,
,Sprint Triathlon #1,6/15/2013,tuxbro@indy.rr.com,3177333300 ,,"Indianapolis, IN",,,,,,,,,,,,,,,,,
,14th Annual Courthouse Classic 5K and 1 Mile Fun Run,6/15/2013,info@courthouseclassic.com,2604634962 101,,"LaGrange, IN",,,,,,,,,,,,,,,,,
,Striders Swan Creek Run,6/15/2013,s.webster@stridersrun.com,6162619706 ,,"Allegan, MI",,,,,,,,,,,,,,,,,
,3 Disciplines - Superkids Try Motor City,6/15/2013,info@3disciplines.com,2315462229 ,,"Detoit, MI",,,,,,,,,,,,,,,,,
,Beat the Grandma 5K,6/15/2013,Coachdroski@aim.com,6162602669 ,,"Grand Rapids, MI",,,,,,,,,,,,,,,,,
,Devil's Elbow 5K,6/15/2013,kristi@redcrownlodge.com, ,,"Arbor Vitae, WI",,,,,,,,,,,,,,,,,
,Summerfest Rock 'n Sole Run,6/15/2013,rocknsole@summerfest.com,8008373378 ,,"Milwaukee, WI",,,,,,,,,,,,,,,,,
,High Cliff Triathlon,6/15/2013,info@midwestsportsevents.com,8004298044 ,,"Sherwood, WI",,,,,,,,,,,,,,,,,
,"Amped Up Adventure Race Series- Aurora, IL Race",6/16/2013,info@ampedupadventurerace.com,6083134535 ,,"Aurora, IL",,,,,,,,,,,,,,,,,
,Daisy Dash 5K and Kids Run,6/16/2013,daisydash@comcast.net,7736178408 ,,"Clarendon Hills, IL",,,,,,,,,,,,,,,,,
,Ricky Byrdsong Memorial Race Against Hate,6/16/2013,raceagainsthate@ywcae-ns.org,8478648445 121,,"Evanston, IL",,,,,,,,,,,,,,,,,
,Youth Make a Difference 5K,6/16/2013,kpaszkiewicz@youthservices-gn.org,8477242620 ,,"Glenview, IL",,,,,,,,,,,,,,,,,
,Lake in the Hills Triathlon,6/16/2013,registration@lith.org,8479607460 ,,"Lake in the Hills, IL",,,,,,,,,,,,,,,,,
,Athleta Iron Girl Lake Zurich Women's Triathlon,6/16/2013,lakezurich@irongirl.com,8138684747 ,,"Lake Zurich, IL",,,,,,,,,,,,,,,,,
,PrairieFest 5K and One Mile Prairie Dog Jog,6/16/2013,csullivan@oswegolandpd.org,6305544425 ,,"Oswego, IL",,,,,,,,,,,,,,,,,
,Father's Day 5K - Kickin' Grass,6/16/2013,cpeters@maine207.org,6306607390 ,,"Park Ridge, IL",,,,,,,,,,,,,,,,,
,Father's Day Run 4 Trails,6/16/2013,Info@VeepRaces.com,2604364824 ,,"Fort Wayne , IN",,,,,,,,,,,,,,,,,
,3 Disciplines - Motor City Triathlon,6/16/2013,info@3disciplines.com,2315462229 ,,"Detoit, MI",,,,,,,,,,,,,,,,,
,Short Run on a Long Day 5k Run/Walk,6/19/2013,cdebella@frankfortparks.org,8154699400 ,,"Frankfort, IL",,,,,,,,,,,,,,,,,
,2013 Fleet Feet Milwaukee Aquathon #2,6/20/2013,raceday@racedayeventsllc.com,6083165755 ,,"Menomonee Falls, WI",,,,,,,,,,,,,,,,,
,Bike MS: Tour de Farms,6/22/2013,melissa.foley@nmss.org,3124231140 ,,"DeKalb , IL",,,,,,,,,,,,,,,,,
,Bud's Run 5K Celebrating Life Run/Walk,6/22/2013,Sharon@budsrun.org,6304660809 ,,"Carol Stream, IL",,,,,,,,,,,,,,,,,
,CYCM 5K,6/22/2013,CYCM5K@aol.com,8154839343 ,,"Morris, IL",,,,,,,,,,,,,,,,,
,Trinity Triumph 5K Run/Walk,6/22/2013,kpasquini@trinity-services.org,8157173750 ,,"New Lenox, IL",,,,,,,,,,,,,,,,,
,12th Annual Raider Classic 5K/10K,6/22/2013,raiderclassic@hotmail.com,2172576227 ,,"Quincy, IL",,,,,,,,,,,,,,,,,
,Indianapolis NITE Ride,6/22/2013,rstevens@saiindy.com,3177677765 3,,"INDIANAPOLIS, IN",,,,,,,,,,,,,,,,,
,Cheetah Chase 5K,6/22/2013,ariegel@binderparkzoo.org,2699791351 ,,"Battle Creek, MI",,,,,,,,,,,,,,,,,
,Concord Classic 5K,6/22/2013,cclassic@frontiernet.net,5175246995 ,,"Concord, MI",,,,,,,,,,,,,,,,,
,6th Annual YWCA 5K Pancake Run - Race for Racial Justice,6/22/2013,development@ywcarockco.com,6087525445 206,,"Janesville, WI",,,,,,,,,,,,,,,,,
,Minocqua Island Swim Challenge,6/22/2013,bwetzler@minocqua.org,7153565266 ,,"Minocqua, WI",,,,,,,,,,,,,,,,,
,"I Scream for 13.1, 5k, & Kids' 1k Yay for Ice Cream!",8/25/2013,tom.taylor@outlook.com, ,,"Portage, IN",,,,,,,,,,,,,,,,,
,3 Disciplines - TRI Holly's Original and Best Triathlon,8/25/2013,info@3disciplines.com,2315462229 ,,"Holly, MI",,,,,,,,,,,"PO Box 458 Gaylord, MI 49734",,,,,,
,Sunset 5K,8/30/2013,tbosack@lith.org,8479607460 ,,"Lake in the Hills, IL",,,,,,,,,,,,,,,,,
,Hell Run,8/31/2013,info@hellrun.com,7735991833 ,,"Chicago, IL",,,,,,,,,,,,,,,,,http://www.hellrun.com/course_chicago.html
,Buffalo Grove Stampede,9/1/2013,cburgess@bgparks.org,8478502125 ,,"Buffalo Grove, IL",,,,,,,,,,,,,,,,,
,The Night Bison Gravel Notcturne,9/1/2013,Contact@rideaxletree.com,8157582403 ,,"DeKalb, IL",,,,,,,,,,,,,,,,,
,The Ripple Effect,9/1/2013,tuxbro@indy.rr.com,3177333300 ,,"Indianapolis, IN",,,,,,,,,,,,,,,,,
,Barefoot Triathlon,9/1/2013,info@3disciplines.com,2315462229 ,,"Traverse City, MI",,,,,,,,,,,,,,,,,
,2013 Sugar River Sprint Triathlon,9/1/2013,raceday@racedayeventsllc.com,6083165755 ,,"Belleville, WI",,,,,,,,,,,,,,,,,
,Oak Brook Half-Marathon,9/2/2013,info@oakbrookhalfmarathon.com,7083864660 ,,"Oak Brook, IL",,,,,,,,,,,,,,,,,
,Fling Mile,9/2/2013,marciad720@comcast.net,6303197061 ,,"Naperville, IL",,,,,,,,,,,,,,,,,
,Schaumburg Shuffle 5K,9/2/2013,lynnscrim@hotmail.com,8472097844 ,,"Schaumburg, IL",,,,,,,,,,,,,,,,,
,Run Woodstock,9/6/2013,events@runningfit.com,7349299027 ,,"Pinckney, MI",,,,,,,,,,,,,,,,,
,Big Shoulders Open Water Swim Classic,9/7/2013,bigshoulders2012@yahoo.com,6304088884 ,,"Chicago, IL",,,,,,,,,,,,,,,,,
,The Chicago Lung Run - 10K/5K,9/7/2013,info@lungrun.org,3126429921 ,,"Chicago, IL",,,,,,,,,,,,,,,,,
,CF Cycle For Life,9/7/2013,ethompson@cff.org,3122364491 108,,"Geneva, IL",,,,,,,,,,,,,,,,,
,6th Annual Twilight Run/Walk/Roll & Post-Race Party,9/7/2013,info@glasa.org,8472830908 ,,"Lake Forest , IL",,,,,,,,,,,,,,,,,
,Bike for the Arts (BART) 3rd annual ride,9/7/2013,info@bikeforthearts.com,8159722938 ,,"Rockford, IL",,,,,,,,,,,,,,,,,
,Shorewood Scoot,9/7/2013,richard.matula@provena.org,8157259438 ,,"Shorewood, IL",,,,,,,,,,,,,,,,,
,Cal's Angels 5k,9/7/2013,t_kdavis@yahoo.com,3123753860 ,,"South Elgin, IL",,,,,,,,,,,,,,,,,
,3 Disciplines Festival of Races - Tawas,9/7/2013,info@3disciplines.com,2315462229 ,,"East Tawas, MI",,,,,,,,,,,,,,,,,
,Carol Stream Park District Fall Fitness 5k,9/8/2013,dannyt@csparks.org,6307846100 ,,"Carol Stream, IL",,,,,,,,,,,,,,,,,
,Sub5 Century Challenge,9/8/2013,info@sub5century.org,7083698190 ,,"Hampshire, IL",,,,,,,,,,,,,,,,,
,Ryan's Run 2013,9/8/2013,frederick@ryanbrierefoundation.org,8474147548 ,,"Vernon Hills, IL",,,,,,,,,,,,,,,,,
,Bigfoot 5k,9/8/2013,stofko121@yahoo.com, ,,"Westville, IN",,,,,,,,,,,,,,,,,
,Hartman Creek Trail Run,9/8/2013,info@greatlakesendurance.com,7157010360 ,,"Waupaca, WI",,,,,,,,,,,,,,,,,
,44th Annual Harmon Hundred,9/8/2013,jbeemster@aol.com,8472152314 ,,"Wilmot, WI",,,,,,,,,,,,,,,,,
,CAMBA Fat Tire Tour,9/13/2013,camba@cheqnet.net,717983599 ,,"Cable, WI",,,,,,,,,,,,,,,,,
,Greater West Suburban Run for Recovery,9/14/2013,breakingfree@breakingfreeinc.org,6308971003 ,,"Aurora, IL",,,,,,,,,,,,,,,,,
,Fever River Adventure Triathlon,9/14/2013,feverriver@sbcglobal.net, ,,"Galena, IL",,,,,,,,,,,,,,,,,
,Community Bank Makin' Tracks 5K,9/14/2013,kstille@rfparks.com,7083666660 10,,"River Forest, IL",,,,,,,,,,,,,,,,,
,2 Rivers On 2 Wheels,9/14/2013,stacy.lods@casscountyymca.org,5747535141 ,,"Logansport, IN",,,,,,,,,,,,,,,,,
,Chequamegon Fat Tire Festival,9/14/2013,cheqfat@lifetimefitness.com,7157983594 ,,"Cable & Hayward, WI",,,,,,,,,,,,,,,,,
,TriRock Lake Geneva,9/14/2013,trirock@competitorgroup.com,8003111255 ,,"Geneva Lake, WI",,,,,,,,,,,,,,,,,
,Tri Smart 101: Ride to Support Breast Cancer Research,9/15/2013,trismart101@trismartcoaching.com,9787476278 ,,"New Lenox, IL",,,,,,,,,,,,,,,,,
,Bucktown 5k,9/15/2013,info@ramracing.org, ,,"Chicago, IL",,,,,,,,,,,,,,,,,
,SEA Blue Prostate Cancer 1M Walk & 5K Run,9/15/2013,seabluewalkinfo@ustoo.org,6307951002 ,,"Lincoln Park, Chicago, IL",,,,,,,,,,,,,,,,,
,Naperville Trails Half Marathon,9/15/2013,info@allcommunityevents.com, ,,"Naperville, IL",,,,,,,,,,,,,,,,,
,D211 Fun'D' 5K Run/Walk,9/15/2013,lczepiel.ad@comcast.net,8473476239 ,,"Palatine, IL",,,,,,,,,,,,,,,,,
,September Escapade TRIRI (Touring Ride in Rural Indiana),9/15/2013,triri@triri.org,8123338176 ,,"Bloomington, IN",,,,,,,,,,,,,,,,,
,3 Disciplines - Michigan's Triathlon and Duathlon Championship,9/15/2013,info@3disciplines.com,2315462229 ,,"Detroit, MI",,,,,,,,,,,,,,,,,
,2013 Devil's Challenge Sprint Triathlon,9/15/2013,raceday@racedayeventsllc.com,6083165755 ,,"Baraboo, WI",,,,,,,,,,,,,,,,,
,InStep Trail Races,9/15/2013,russell.delap@cuw.edu,2622434323 ,,"Delafield, WI",,,,,,,,,,,,,,,,,
,Dousman Duathlon,9/15/2013,info@midwestsportsevents.com,8004298044 ,,"Dousman, WI",,,,,,,,,,,,,,,,,
,Harvest Moon 5K,9/18/2013,kenosharunningclub@yahoo.com,2625158700 ,,"Pleasant Prairie, WI",,,,,,,,,,,,,,,,,
,Salus Schlitz Park Corporate Challenge,9/19/2013,katie@answertowellness.com,2626463993 ,,"Milwaukee, WI",,,,,,,,,,,,,,,,,
,Guardian Kids Fun Run,9/20/2013,info@foxcitiesmarathon.org,8772307223 ,,"Appleton, WI",,,,,,,,,,,,,,,,,
,20 Miler,9/21/2013,jcain@mychicagoathlete.com,8476750200 210,,"Elk Grove Village, IL",,,,,,,,,,,,,,,,,
,Run for Science!,9/21/2013,info@naturemuseum.org,7737555108 ,,"Chicago, IL",,,,,,,,,,,,,,,,,
,Oak Run Triathlon,9/21/2013,Trimomevents@frontier.com,3098272272 ,,"Dahinda, IL",,,,,,,,,,,,,,,,,
,Run the Shores at Lake Barrington 5K and 1 Mile Run/Walk,9/21/2013,lpeterson@lakebarrington.org,8473816010 ,,"Lake Barrington, IL",,,,,,,,,,,,,,,,,
,Run for the Mind (Mental Health),9/21/2013,m.sukis@namidupage.org,6307520066 217,,"Wheaton, IL",,,,,,,,,,,,,,,,,
,Dances With Dirt Hell,9/21/2013,events@runningfit.com,7349299027 ,,"Hell, MI",,,,,,,,,,,,,,,,,
,3 Disciplines - South Beach Triathlon,9/21/2013,info@3disciplines.com,2315462229 ,,"South Haven, MI",,,,,,,,,,,,,,,,,
,Affinity Medical Group Orthopaedics & Sports Medicine 5K Run/Walk,9/21/2013,info@foxcitiesmarathon.org,8772307223 ,,"Neenah, WI",,,,,,,,,,,,,,,,,
,Lil' Mudder,9/21/2013,fitness@plprairie.com,2629256742 ,,"Pleasant Prairie, WI",,,,,,,,,,,,,,,,,
,Mud Run JR,9/21/2013,fitness@plprairie.com,2629256742 ,,"Pleasant Prairie, WI",,,,,,,,,,,,,,,,,
,Pleasant Prairie Mud Run,9/21/2013,fitness@plprairie.com,2629256742 ,,"Pleasant Prairie, WI",,,,,,,,,,,,,,,,,
,Zoo Run Run for the Conseration Fund,9/22/2013,marketingteam@czs.org,7086888000 ,,"Brookfield, IL",,,,,,,,,,,,,,,,,
,North Shore Century,9/22/2013,martin_horn@ameritech.net,8472560847 ,,"Evanston, IL",,,,,,,,,,,,,,,,,
,Run to Read,9/22/2013,TerriMcHugh@sd54.org,8473575028 ,,"Schaumburg, IL",,,,,,,,,,,,,,,,,
,"Advocate Dreyer Fox Valley Marathon, Fall Final 20, Fox Valley Half Marathon",9/22/2013,info@fv26.com,6305493070 ,,"St. Charles, IL",,,,,,,,,,,,,,,,,
,Hospice Hustle 2013,9/22/2013,cdow@hospicecalumet.org,2199222732 ,,"Crown Point, IN",,,,,,,,,,,,,,,,,
,Beyond the Badge,9/22/2013,tuxbro@indy.rr.com,3177333300 ,,"Indianapolis, IN",,,,,,,,,,,,,,,,,
,Community First Fox Cities Marathon Presented by Kimberly-Clark,9/22/2013,info@foxcitiesmarathon.org,18772307223 ,,"Appleton, WI",,,,,,,,,,,,,,,,,
,Discover Whitewater Series,9/22/2013,info@runwhitewater.com,9203970601 ,,"Whitewater, WI",,,,,,,,,,,,,,,,,
,"Trick or Trot 10k Be a Hero, Run for Kids!",9/28/2013,curediabetes@sbcglobal.net,6304798116 ,,"Geneva, IL",,,,,,,,,,,,,,,,,
,Cornfest 5K and Wellness Walk,9/28/2013,lhall@morrishospital.org,8159422932 7364,,"Morris, IL",,,,,,,,,,,,,,,,,
,Midtown 5K Run and Walk,9/28/2013,robyn.kove@midtown.com,8479914646 ,,"Palatine, IL",,,,,,,,,,,,,,,,,
,Park Ridge Charity Classic,9/28/2013,dave@pickwicktheatre.com,8478455806 ,,"Park Ridge, IL",,,,,,,,,,,,,,,,,
,Ovarian Cancer Run/Walk,9/28/2013,tuxbro@indy.rr.com,3177333300 ,,"Indianapolis, IN",,,,,,,,,,,,,,,,,
,Holland Hospital Park2Park 1/2 Marathon & 5K,9/28/2013,sherriek@harderwyk.com,6163999190 303,,"Holland, MI",,,,,,,,,,,,,,,,,
,VASA Trail Run,9/28/2013,events@runningfit.com,7349299027 ,,"Traverse City, MI",,,,,,,,,,,,,,,,,
,Brewers Mini-Marathon,9/28/2013,info@visioneventmanagement.com, ,,"Milwaukee, WI",,,,,,,,,,,,,,,,,
,RockMan Challenge,9/28/2013,rockmanchallenge@gmail.com,4147049969 ,,"Watertown, WI",,,,,,,,,,,,,,,,,
,Alpine Races Half Marathon & 5K/ run walk,9/29/2013,Brianfoss@comcast.net,8475671871 ,,"Lake Zurich, IL",,,,,,,,,,,,,,,,,
,2013 Fight For Air Walk - Oak Brook,9/29/2013,events@lungil.org,3127811100 ,,"Oak Brook, IL",,,,,,,,,,,,,,,,,
,Have Fun? You Won! Kids' Triathlon,9/29/2013,kvest@oswegolandpd.org,6305544425 ,,"Oswego , IL",,,,,,,,,,,,,,,,,
,Edward Plainfield Harvest 5K Run/Walk & Kidz Miler,9/29/2013,pacc@plainfieldchamber.com,8154364431 ,,"Plainfield, IL",,,,,,,,,,,,,,,,,
,4th Annual Wabash Heritage Trail Marathon,9/29/2013,info@planetadventurerace.com,3173248299 ,,"Battle Ground, IN",,,,,,,,,,,,,,,,,
,3 Disciplines - Tri the Creek Triathlon,9/29/2013,info@3disciplines.com,2315462229 ,,"North Liberty, IN",,,,,,,,,,,,,,,,,
,Chicago Marathon: Final Tips Seminar,10/1/2013,theroadtoboston@rcn.com,7733070033 ,,"Chicago , IL",,,,,,,,,,,,,,,,,
,3 Disciplines - Last Try,10/5/2013,info@3disciplines.com,2315462229 ,,"Benton, IL",,,,,,,,,,,,,,,,,
,13th Annual Cougar 5K Run/Walk,10/5/2013,quinlan@sxu.edu,7732983592 ,,"Chicago, IL",,,,,,,,,,,,,,,,,
,Itasca Oktoberfast 5K,10/5/2013,info@itasca5k.org,3126221468 ,,"Itasca, IL",,,,,,,,,,,,,,,,,
,Montgomery 5k River Run/Walk,10/5/2013,stott@ci.montgomery.il.us,6308968080 ,,"Montgomery, IL",,,,,,,,,,,,,,,,,
,St. Charles Knights of Columbus Fall Classic 5K Run/2K Walk,10/5/2013,stevenchill@comcast.net,6302350535 ,,"St. Charles, IL",,,,,,,,,,,,,,,,,
,Wine at the Line,10/5/2013,tuxbro@indy.rr.com,3177333300 ,,"Bargersville, IN",,,,,,,,,,,,,,,,,
,Hit the Bricks,10/5/2013,tuxbro@indy.rr.com,3177333300 ,,"Zionsville, IN",,,,,,,,,,,,,,,,,
,Porcupine Mountains Trail Marathon,10/5/2013,info@greatlakesendurance.com,7157010360 ,,"Silver City, MI",,,,,,,,,,,,,,,,,
,Oakwood Red October Run,10/5/2013,cynthia.cook@oakwood.org,3135865486 ,,"Wayne, MI",,,,,,,,,,,,,,,,,
,Kickapoo Reserve Dam Challenge,10/5/2013,sadie.urban@wisconsin.gov,6086252960 ,,"La Farge, WI",,,,,,,,,,,,,,,,,
,Histio Heroes 5K,10/6/2013,histioheroes@yahoo.com,7733437660 ,,"Batavia, IL",,,,,,,,,,,,,,,,,
,Run & Roll for the Dole Duathlon & 2 Mile Family Fun/Health Walk,10/6/2013,kveugeler@lakesidelegacy.org,8154558000 ,,"Crystal Lake, IL",,,,,,,,,,,,,,,,,
,Embrace the Race...Think Pink Feel Teal,10/6/2013,montygal@sbcglobal.net, ,,"Highland Park, IL",,,,,,,,,,,,,,,,,
,24th Annual Pumpkin Pie Bicycle Ride,10/6/2013,starvedrockcycling@yahoo.com,8158304291 ,,"Ottawa, IL",,,,,,,,,,,,,,,,,
,Pumpkin Pedal Bike Tour to benefit Special Olympics Illinois,10/6/2013,shutchins@soill.org,6303777250 ,,"St Charles, IL",,,,,,,,,,,,,,,,,
,Salamander Sprint Trail Runs 5K/10K,10/6/2013,Info@VeepRaces.com,2604364824 ,,"Fort Wayne, IN",,,,,,,,,,,,,,,,,
,Betsie Valley Run,10/6/2013,bvdlibrary0012@yahoo.com,2313782716 ,,"Thompsonville, MI",,,,,,,,,,,,,,,,,
,Green Bay Duathlon,10/6/2013,info@midwestsportsevents.com,8004298044 ,,"Green Bay, WI",,,,,,,,,,,,,,,,,
,YMCA Stone Bridge Marathon & 5K Races,10/12/2013,MEshleman@StatelineFamilyYMCA.org,8156235858 ,,"Belvidere, IL",,,,,,,,,,,,,,,,,
,Prairie State Marathon & Half Marathon,10/12/2013,info@allcommunityevents.com, ,,"Libertyville, IL",,,,,,,,,,,,,,,,,
,Red Gold Run to Crush Hunger,10/12/2013,tuxbro@indy.rr.com,3177333300 ,,"Elwood, IN",,,,,,,,,,,,,,,,,
,Spotlight on Nursing,10/12/2013,tuxbro@indy.rr.com,3177333300 ,,"Indianapolis, IN",,,,,,,,,,,,,,,,,
,20th Annual St. Joe's 5K Run/Walk,10/12/2013,runnedrun@hotmail.com,9204757116 ,,"Menasha, WI",,,,,,,,,,,,,,,,,
,"Southern Kettle Moraine Challenge, Adventure Race",10/12/2013,andygmac61@gmail.com,2623138180 ,,"North Pairie, WI",,,,,,,,,,,,,,,,,
,Harvest Trail Run,10/12/2013,fitness@plprairie.com,2629256742 ,,"Pleasant Prairie, WI",,,,,,,,,,,,,,,,,
,RecPlex October Indoor/Outdoor Triathlon,10/13/2013,raceinfo@plprairie.com,2629256742 ,,"Pleasant Prairie, WI",,,,,,,,,,,,,,,,,
,Laps with the Chaps 5K Run/Walk,10/19/2013,cod5k@cod.edu,6309423823 ,,"Glen Ellyn, IL",,,,,,,,,,,,,,,,,
,Des Plaines River Trail Races,10/19/2013,Ekelly32@gmail.com,8474765645 ,,"Lincolnshire, IL",,,,,,,,,,,,,,,,,
,Purdue Boilermaker Half-Marathon and 5K,10/19/2013,tuxbro@indy.rr.com,3177333300 ,,"West Lafayette, IN",,,,,,,,,,,,,,,,,
,This Runs for Jack - celebrating 10 yrs fighting melanoma every step of the way.,10/20/2013,sharon@jacksfund.org,7082055692 ,,"Glen Ellyn, IL",,,,,,,,,,,,,,,,,
,Old Plank Trail Community Bank Pant For The Pantry 5K,10/20/2013,golson@oldplanktrailbank.com,8154850001 ,,"New Lenox, IL",,,,,,,,,,,,,,,,,
,Springfield Clinic Springfield Marathon,10/20/2013,racedirector@springfieldmarathon.net,2175537695 ,,"Springfield, IL",,,,,,,,,,,,,,,,,
,Care4 Breast Cancer 5k Run/Walk,10/20/2013,lannetti@hpclinic.org, ,,"Woodstock, IL",,,,,,,,,,,,,,,,,
,Metro Health Grand Rapids Marathon,10/20/2013,cooladventures@aol.com,6162933145 ,,"Grand Rapids, MI",,,,,,,,,,,,,,,,,
,"Wisconsin Dells Honky Tonk Marathon, Half Marathon and 5K",10/20/2013,events@adrenalinesportsmanagement.com, ,,"wisconsin dells, WI",,,,,,,,,,,,,,,,,
,Fright Night the Run,10/25/2013,tuxbro@indy.rr.com,3177333300 ,,"Indianapolis, IN",,,,,,,,,,,,,,,,,
,Pumpkins in the Park 5k,10/26/2013,Race@FleetFeetChicago.com,7735613338 2,,"Chicago, IL",,,,,,,,,,,,,,,,,
,Drag Strip Dash,10/26/2013,tuxbro@indy.rr.com,3177333300 ,,"Indianapolis, IN",,,,,,,,,,,,,,,,,
,Escape the Terror,10/26/2013,info@3disciplines.com,2315462229 ,,"Gaylord, MI",,,,,,,,,,,,,,,,,
,Rockport Trail Runs,10/26/2013,dpaynter2002@yahoo.com,6082895672 ,,"Janesville, WI",,,,,,,,,,,,,,,,,
,Ghostly Gallop 5k Run/Walk and Kids' Monster Mile,10/27/2013,ghostlygallop@me.com,6308052719 ,,"Darien , IL",,,,,,,,,,,,,,,,,
,"Marklund Run, Walk & Roll 5K and 1 Mile Walk",10/27/2013,sarmbruster@marklund.org,6305935473 ,,"Geneva, IL",,,,,,,,,,,,,,,,,
,Sycamore Pumpkin Run 10K Road Race,10/27/2013,rtreml@sycamorechamber.com,8158953456 ,,"Sycamore, IL",,,,,,,,,,,,,,,,,
,Hoboglobin 10k,10/27/2013,stofko121@yahoo.com, ,,"Valparaiso, IN",,,,,,,,,,,,,,,,,
,Cantigny 5K Run/Walk,11/2/2013,bgray@cantigny.org,6302608167 ,,"Wheaton, IL",,,,,,,,,,,,,,,,,
,Hot Cider Hustle 8 Mile Run/Walk,11/2/2013,info@allcommunityevents.com,8473440861 ,,"Wheaton, IL",,,,,,,,,,,,,,,,,
,"Indianapolis Monumental Marathon, Half Marathon & 5K",11/2/2013,tuxbro@indy.rr.com,3177333300 ,,"Indianapolis, IN",,,,,,,,,,,,,,,,,
,Hot Chocolate 15/5k Chicago,11/3/2013,chicago@hotchocolate15k.com, ,,"Chicago, IL",,,,,,,,,,,,,,,,,
,Red Eye Run 8k,11/3/2013,dgale@jolietpark.org,8157417275 206,,"Joliet, IL",,,,,,,,,,,,,,,,,
,Chicago's Perfect 10,11/9/2013,dannodo@yahoo.com,3122049900 105,,"Chicago, IL",,,,,,,,,,,,,,,,,
,The Veterans Day 5K 10K,11/9/2013,evilsmileyrunning@gmail.com,2624962724 ,,"Pleasant Prairie, WI",,,,,,,,,,,,,,,,,
,Naperville Marathon and Half Marathon - Inaugural,11/10/2013,info@naperville26.com, ,,"Naperville, IL",,,,,,,,,,,,,,,,,
,Oswegoland Park District Gobbler Hobbler 10K & Mashed Potato Mile,11/10/2013,kvest@oswegolandpd.org,6305544425 ,,"Oswego, IL",,,,,,,,,,,,,,,,,
,The Chevy CHASE 5K,11/10/2013,mwehby@wheelingparkdistrict.com,8474653333 ,,"Wheeling, IL",,,,,,,,,,,,,,,,,
,Abe's Trail Trek,11/16/2013,triharderpromotions@gmail.com,2173411309 ,,"Lincoln's New Salem State Historic Site, IL",,,,,,,,,,,,,,,,,
,Outback Scramble,11/16/2013,tuxbro@indy.rr.com,3177333300 ,,"Indianapolis, IN",,,,,,,,,,,,,,,,,
,Village of Orland Hills 20th Annual Turkey Trot,11/23/2013,ohrecdept@yahoo.com,7083497211 ,,"Orland Hills, IL",,,,,,,,,,,,,,,,,
,9th Annual Turkey Trot,11/23/2013,info@clearwateroutdoor.com,2623482420 ,,"Lake Geneva , WI",,,,,,,,,,,,,,,,,
,Run with the Turkeys 5K,11/23/2013,fitness@plprairie.com,2629256742 ,,"Pleasant Prairie, WI",,,,,,,,,,,,,,,,,
,Turkey Trot,11/24/2013,ksmith@lwd.org,8477454726 ,,"Lincolnwood, IL",,,,,,,,,,,,,,,,,
,Lisle Chamber Turkey Trot Tune-up 5K,11/24/2013,info@lislechamber.com,6309640052 ,,"Lisle, IL",,,,,,,,,,,,,,,,,
,Noodleini 15K/5K Run/Walk,11/24/2013,info@midwestsportsevents.com,8004298044 ,,"DePere, WI",,,,,,,,,,,,,,,,,
,RecPlex Turkey Triathlon,11/24/2013,raceinfo@plprairie.com,2629256742 ,,"Pleasant Prairie, WI",,,,,,,,,,,,,,,,,
,Evanston Flying Turkey 5K,11/28/2013,jcain@mychicagoathlete.com,8476750200 210,,"Evanston, IL",,,,,,,,,,,,,,,,,
,The Fox and The Turkey,11/28/2013,foxandturkey@foxrivertrailrunners.org, ,,"Batavia, IL",,,,,,,,,,,,,,,,,
,Chicago 8k Turkey Classic,11/28/2013,ryan@universalsole.com, ,,"Chicago, IL",,,,,,,,,,,,,,,,,
,Edison Park Turkey Trot,11/28/2013,epturkeytrot@gmail.com, ,,"Chicago, IL",,,,,,,,,,,,,,,,,
,Old St. Pat's 28th Annual Turkey Trot,11/28/2013,theroadtoboston@rcn.com,7733070033 ,,"Chicago , IL",,,,,,,,,,,,,,,,,
,Bonfield Express 5K Run/Walk,11/28/2013,contactus@bonfieldexpress.com,6308529795 ,,"Downers Grove, IL",,,,,,,,,,,,,,,,,
,DAN GIBBONS TURKEY TROT,11/28/2013,bearswin@comcast.net,6304152816 ,,"ELMHURST, IL",,,,,,,,,,,,,,,,,
,North Shore Turkey Trot,11/28/2013,info@ramracing.org, ,,"Highland Park, IL",,,,,,,,,,,,,,,,,
,Long Grove Turkey Trot 5K & 8K Run/Walk & Kids Run,11/28/2013,info@allcommunityevents.com, ,,"Long Grove, IL",,,,,,,,,,,,,,,,,
,Naperville Noon Lions Club 5K Turkey Trot Race,11/28/2013,kms1404@sbcglobal.net,6303556750 ,,"Naperville, IL",,,,,,,,,,,,,,,,,
,The Winnetka Turkey Trot 5K,11/28/2013,montygal@sbcglobal.net, ,,"Winnetka , IL",,,,,,,,,,,,,,,,,
,Galloping Gobbler Thanksgiving Day Runs,11/28/2013,Info@VeepRaces.com,2604364824 ,,"Fort Wayne, IN",,,,,,,,,,,,,,,,,
,Drumstick Dash,11/28/2013,tuxbro@indy.rr.com,3177333300 ,,"Indianapolis, IN",,,,,,,,,,,,,,,,,
,15th Annual Turkey Trot,11/28/2013,stacy.lods@casscountyymca.org,5747535141 ,,"Logansport, IN",,,,,,,,,,,,,,,,,
,Mayor's Turkey Day Run,11/28/2013,kenosharunningclub@yahoo.com,2625158700 ,,"Kenosha, WI",,,,,,,,,,,,,,,,,
,Grant Park Turkey Trot 5K,11/30/2013,info@allcommunityevents.com,8473440861 ,,"Chicago, IL",,,,,,,,,,,,,,,,,
,Schaumburg Half Marathon Turkey Trot & 5K Run/Walk,11/30/2013,info@allcommunityevents.com, ,,"Schaumburg, IL",,,,,,,,,,,,,,,,,
,Santa Hustle 5K,12/7/2013,events@adrenalinesportsmanagement.com,8478294536 ,,"Chicago, IL",,,,,,,,,,,,,,,,,
,Santa Hustle Chicago,12/7/2013,events@adrenalinesportsmanagement.com,8478294536 ,,"Chicago, IL",,,,,,,,,,,,,,,,,
,Boston 2014: Getting Started,12/7/2013,theroadtoboston@rcn.com,7733070033 ,,"Lisle, IL",,,,,,,,,,,,,,,,,
,Boston 2014: Kick Off Run,12/7/2013,theroadtoboston@rcn.com,7733070033 ,,"Lisle, IL",,,,,,,,,,,,,,,,,
,Farmland 5K European Style Xc Challenge,12/7/2013,lisamarytaylor@gmail.com,2316312195 ,,"Traverse City , MI",,,,,,,,,,,,,,,,,
,Santa Hustle Milwaukee 2013,12/8/2013,events@adrenalinesportsmanagement.com,8478294536 ,,"Milwaukee, IL",,,,,,,,,,,,,,,,,
,Gingerbread Pursuit 4 Miler,12/14/2013,Info@VeepRaces.com,2604364824 ,,"Fort Wayne, IN",,,,,,,,,,,,,,,,,
,Jingle Bell Run for Arthritis,12/14/2013,tuxbro@indy.rr.com,3177333300 ,,"Indianapolis, IN",,,,,,,,,,,,,,,,,
,Rudolph Ramble,12/15/2013,Race@FleetFeetChicago.com,7735613338 2,,"Chicago, IL",,,,,,,,,,,,,,,,,
,The HUFF 50K Trail Run & Relay,12/28/2013,Info@VeepRaces.com,2604364824 ,,"Albion, IN",,,,,,,,,,,,,,,,,
,New Year's Eve Run,12/31/2013,meshleman@statelinefamilyymca.org,8156235858 ,,"Roscoe, IL",,,,,,,,,,,,,,,,,
,Nutri-Run 20k & 5 Miler,3/28/2015,ghanishrunner@hotmail.com,2604022514 ,http://www.runrace.net/findarace.php?id=15087IN,Woodside Middle School,2310 W. Hamilton Rd.,Fort Wayne,IN,46814,36,,Casey,Shafer,,,,,,,,,
,Red Warrior 5k & Kids Run,4/25/2015,tbatrouny@skybest.com,3369772206 ,http://www.sacs.k12.in.us/cms/lib07/IN01907860/Centricity/Domain/15/REDWARRIOR_2015%20Registration%20Packet%20030115.pdf,Woodside Middle School,2310 W. Hamilton Rd.,Fort Wayne,IN,46814,,,Teresa,Batrouny,,,,,,,,,
,,,, ,,,,,,,,,,,,,,,,,,,
,Swiss Villiage 5k Lauf/Spaziergang (Run/Walk) & Senior 1mi Walk,5/11/2015,swissvillage5k@swissvillage.org,2605894496 ,http://www.adamscounty5kchallenge.com/the-races.html,Arthur & Gloria Muselman Wellness Pavilion,1201 Emmental Dr.,Berne,IN,46711,,,Sarah,Conrad,,,,,,,,,http://www.adamscounty5kchallenge.com/uploads/4/2/6/2/42628189/swiss_village_5k_registration_form.pdf
,"Run Over Violence, Adams Wells Crisis Center 7th Annual 5k",5/25/2015,,2607289800 ,,Adams Memorial Hospital,1100 Mercer Ave,Decatur,IN,46733,,,Angie,Gunsett,,,,,,,,,
,Bearded 5K: Run Your Beard Off,5/9/2015,122warbeard@gmail.com, ,,,,,,,,,Jason,Kochenderfer,,,,,,,Has Contacted us!!!! Talk to Tim,,
,Spring Sprint,5/9/2015,patti.davis@cityoffortwayne.org,2604276000 ,http://www.fortwayneparks.org/,,,,,,,,Pati,Davis,,,,,,,,,
,Fit Walk & Ride,5/16/2015,kkemerer@cmhosp.com,4195425680 ,,,,,,,,,Kim,Kemerer,,,,,,,,,
,Dr. Ken Arnt & Staff 5th Annual 5K Walk/Run,5/16/2015,drkwarnt@gmail.com,2608682221 ,http://drarnt.com/,,,,,,,,Laura,Terlosky,,,,,,,,,
,The Frontier 10 & 5K Run /Walk,5/16/2015,luv4beer99@yahoo.com, ,www.frontier10k.com,,,,,,,,Jon,Beasley,,,,,,,,,
,Nun Run/ Brother Boogie,5/23/2015,azay@sbcglobal.net,2603561588 ,,,,,,,,,Andy,Zay,,,,,,,,,
,Vineyard Trail spring 5K,5/30/2015,kevin@fleetfeetfortwayne.com, ,,,,,,,,,Kevin,Croy,,,,,,,,,
,Celebrate Sound 5K walk 5K/10K timed run,5/30/2015,annis8069@msn.com, ,http://www.mycelebratesound.org/fortwayne,,,,,,,,Rick,Annis,,,,,,,,,
,Canal Days 5K 4 Wellness,6/6/2015,mclendenen@newhavenin.org,2607492212 ,None,,,,,,,,Mike,Clendenen,,,,,,,,,
,Ribfest River Run,6/6/2015,antwerpribfest5k@gmail.com, ,https://www.facebook.com/events/666282680098637/,,,,,,,,Carrie,Reeb,,,,,,,,,
,Color Van Wert 4 Miler,6/6/2015,mawhite@wcoil.com,4192380443 ,http://www.vwymca.org/?page_id=3938,Fountain Park,,Van Wert,OH,,,,Michelle,White,,,"241 W. MAIN ST. VAN WERT, OH 45891",,,,,,http://www.vwymca.org/?page_id=3938
,Norris Insurance Greentown 5 mile,6/13/2015,jrnorris@norrisinsurance.com,7653957761 ,file:///Users/timothyfulton/Desktop/norris_races_201502262015.pdf,Multi location/Multi event,,,,,,,John,Norris,,,"Norris Insurance, P.O. 157 Amboy IN 46911",,,,Multi event/ Multi race discount? Not sure if they have more than 50 people],,None
,SIXTH ANNUAL DAVE KNOPP MEMORIAL 5K RUN/WALK,6/13/2015,jesiii@hughes.net,2606363621 ,http://www.e-clubhouse.org/sites/albionin/page-8.php,Central Noble Middle School,Elm Street,Albion,IN,,,,Jim,Sprague,,,??,,,,Could Be a faithful cuew to work with. They seem like the tech would go over there heads but might need someone to manage online stuff for them.,,None
,YMCA of DeKalb County 5K walk/run,6/13/2015,l.shonka@ymcadekalb.org,2609259622 ,http://ymcadekalb.org/news-and-events.htm,YMCA DeKalb,533 North St.,Auburn,IN,46706,,,Lynn,Shonka,,,"533 North St. Auburn, IN 46706",,,,,,None
,Oscar's Annual 5k,6/13/2015,Nicole.Christlieb@gmail.com, ,None,Churubusco High School,1 Eagle Drive,Churubusco,IN,46723,,,Nicole,Christlieb,,,"Turtle Days Association
123 Main Street, P.O. Box",,,,Looks like they have good sponcership and could be looking to put on a nice quality event.,,None
,Night Run 5k Walk/Run,6/13/2015,kcook@jaycc.org, ,http://jaycc.org/events/index.php?option=com_eventbooking&view=event&id=1&catid=1&Itemid=101,Jay County Fairgrounds,806 E Votaw Street,Portland,IN,,,,Kyle,Cook,,,"115 Water St Portland,IN 47371",,,,Could be a good event in the future. We should Keep an eye on them,,None
,3rd Annual RibFest 5K,6/20/2015,Andrew.Schmitz@fwcs.k12.in.us, ,http://www.bbqribfest.com/5k.html,Headwaters Park,330 S Clinton St,Fort Wayne,IN,46802,,,Andrew,Schmitz,,,"14808 Harbourside Ct., Fort Wayne, Indiana 46814",,,,Looks like it could be a great event with the partnership with Ribfest. They need something to help them grow more attention. The contact could help us with school stuff depending.,,None
,Strawberry Daze 1 Mile & 1/2 Mile Runs,6/20/2015,shepherdb@westnoble.k12.in.us,2608944638 ,,Pettit Park????,,Ligonier,IN,,,,Brian,Shepherd,,,Brian Shepherd       700 Westfield Drive Legonier,,,,This looks like a really small race I am not sure why they don't offer other distances maybe they have a hook that just isn't being exploited,,None
,Formula For Life 5k run/walk,4/12/2015,https://www.runreg.com/Contact/formulaforlife5k,2604337815 ,https://www.runreg.com/formulaforlife5k,Fort Wayne,2701 Spring Street,Fort Wayne,IN,46808,139,,Saint,Francis,,,,,,,,,
,,,, ,,,,,,,,,,,,,,,,,,,
,CG Sports & Recreation - 4th Annual 5k/10k Run Walk,5/9/2015,tpowell32@msn.com,2602414875 ,https://runsignup.com/Race/IN/Decatur/CGSports5k10kRace,,,,,,,,Tim,Powell,,,,,,,,,
,Pink Ribbon run,5/9/2015,pamrwolfe@aol.com,2604968000 ,http://raceroster.com/events/2015/2866/2nd-annual-pink-ribbon-run,,,,,,,,Pamela,Wolfe,,,,,,,,,
,YMCA Sock Soaker,5/9/2015,ymcasocksoaker@yahoo.com/ Scott.craft@Huntingtony.org,2603599622 ,http://www.runrace.net/findarace.php?id=15129IN1&tab=a2,,,,,,,,Scott,Craft,,,,,,,,,
,Kendallville Kiwanis Club and Kendallville Parks Dept Mother's Day 5K Run/Walk,5/10/2015,mnbobay@gmail.com,2603185071 ,,,,,,,,,Mindy,Bobay,,,,,,,,,
,Annual Light it up Blue,5/16/2015,mccfortwayne@yahoo.com, ,,,,,,,,,Multicultural,Council,,,,,,,,,
,Blue Jay Bolt,5/16/2015,bbonelli@eacs.k12.in.us,2604460240 7516,http://www.runrace.net/findarace.php?id=15136IN1,,,,,,,,Bonnie,Bonelli,,,,,,,,,
,Noblesvill Mini Marathon,5/23/2015,scott.cranfill@noblesvilleminimarathon.com, ,http://noblesvilleminimarathon.com/,,,,,,,,Scott,Cranfill,,,,,,,,,
,Running with the Dawgs,5/23/2015,garylbird@teambird.org,2602293324 ,http://www.runningwiththedawgs.com/,,,,,,,,Gary,Bird,,,,,,,,,
,Race for the Warior,5/23/2015,fortwaynebasecc@gmail.com, ,www.fortwaynebcc.org,,,,,,,,Roger,Reece,(Runner Relations Chair),,,,,,,,
,Raining Cats & Dogs,5/23/2015,shepherdb@westnoble.k12.in.us,2608944638 ,,,,,,,,,Lexi,Shepherd,,,,,,,,,
,Cinco de mile,5/29/2015,ligoniertrackclub@gmail.com, ,http://facebook.com/ligoniertrackclub,,,,,,,,Daric,Weimer,,,,,,,,,
,Girls on the Run 5K,5/30/2015,ggailgerber@yahoo.com, ,,,,,,,,,Gail,Gerber,,,,,,,,,
,Stars and Stripes Race,5/30/2015,shepherdb@westnoble.k12.in.us, ,,,,,,,,,Brian,Shepherd,,,,,,,,,
,Come Unity 6K For Water,5/30/2015,comeunityfw@yahoo.com, ,http://www.comeunitynow.org/,,,,,,,,Rebecca,Rinehart,,,,,,,,,
,Habitat for Humanity - Family Fun 5K Run/ Walk - Race the Roof!,6/6/2015,Events@hfhnei.org,2609252508 ,www.hfhnei.org,,,,,,,,Erin/Eric,Bond/Daniels,,,,,,,,,
,5K For Type 1,6/7/2015,walkorrunfortype1@gmail.com, ,http://walkorrunfortype1.weebly.com/,Winona Lake Park,1590 Park Ave.,Winona Lake,IN,46590,,,Keeton,Bartol,,,??,,,,Looks like it could be smaller.,,None
,2015 BeefCake 4K Cross Country Series,6/8/2015,dhsBaronscc@gmail.com, ,None,DeKalb High School,,,,,,,Wade,Buchs,,,??,,,,"Small Race series may be nice. Keep in mind we don't have a scorring system down for Cross Country. On the 8th, 15th, and 22nd",,None
,Chicks Run,6/11/2015,sports@ci.blufton.in.us,18559695515 ,http://raceroster.com/events/2015/4076/chicks-run,Bluffton City Gym,128 E. Market St.,,,,,,Laurie,Baumgatner,,,218 N Scott St. Bluffton IN 46714,,,,"This is put on by the Bluffton Parks Department, looks like a well publicized event",,None
,"15th Chad's Water Treatment Apache 5K, Alex's One Mile Fun Run, Kline 1.5 mi Run",6/13/2015,curt.foust@centrallocal.org,4196582511 ,http://www.centrallocal.org/apaches/,Fairview Elementary School,14060 Blosser Road,Sherwood,OH,43556,,,Curt,Foust,,,"14060 Blosser Rd. Sherwood, OH 43556 ",,,,They have lots of awards for there age groups. This means good sponser. This is put on by the Fairview Athletic Boosters,,None
,MYAC Musical 5k,6/13/2015,kristenworks@yahoo.com, ,http://www.kendallvillemyac.org/5k-registration.html,Bixler Park,??,,,,,,Kristen,Johnson,,,"234 S Main Street Kendallville, IN 46755",,,,Not a bunch of useful info online. Might be something we suggest they look at. This event seems to locally focused to waist to much time on.,,None
,Outrun the Sun Race Against Melanoma,6/13/2015,eli@outrunthesun.org,3172532121 ,http://outrunthesun.kintera.org/faf/home/default.asp?ievent=1130345,Fort Benjamin Harrison State Park,5753 Glenn Rd,Indianapolis,IN,46216,,,Eli,Cangany,,,"8435 Keystone Crossing, Suite 175
Indianapolis, IN",,,,"Event is from Indianapolis, we will need to keep that in mind to make sure we arent stepping in on toes",,http://www.kintera.org/htmlcontent.asp?cid=619668
,Courthouse Classic,6/20/2015,info@courthouseclassic.com,2604634962 101,http://www.courthouseclassic.com/,"LaGrange, Indiana at the county courthouse",105 North Detroit Street,LaGrange,IN,46761,184,,Gary Connie,Grogg Richards,,,Millers Market???,,,,We are up against the columbia city Timer I think. This looks like a decent size race will probably stall at 200 unless they get a better hook.,,https://www.google.com/maps/d/viewer?mid=zgJ6ZpfO8Tzw.kok6hNkekUhA
,DESOTO DASH 5K RUN/WALK,6/20/2015,DESOTODASH@GMAIL.Com,7657449383 ,http://desotoumchurch.org/DeSoto%20Dash,DeSoto United Methodist Church,6309 N CR 500 E,Muncie,IN,47303,,,GARY,MARSHALL,,,"DeSoto United Methodist Church
 6309 N CR 500 E
 M",,,,This looks like a really small event. They arent charging any entry fee. It is all to help raise money for YFC of the local HS/MS,,None
,Johnson Farm Seed & Supply/Nester Ag Presents the Fairview 4 Mile Relay and 2 Mi,6/20/2015,curt.foust@centrallocal.org,4196582511 ,None,Fairview Elementary School,"14060 Blosser Road, Sherwood, OH  43556",,,,,,Curt,Foust,,,"14060 Blosser Rd. Sherwood, OH 43556",,,,"This event has the same contact as 15th Chad's Water Treatment Apache 5K, Alex's One Mile Fun Run, Kline 1.5 mi Run, Nether is very big but it may be worth talking to this guy.",,None
,Camp Lutherhaven 5K Trail Run/Walk and Moose Chase Mile,6/20/2015,smithje0512@gmail.com,2602711018 ,http://www.lutherhaven.org/sub_getinvolved/5ktrail/5ktrailpost.php,Camp Lutherhaven,1596 South 150,"West
Albion",IN,46701,,,Janet,Smith,,,"1596 South 150 West
Albion, IN  46701",,,,,,http://www.lutherhaven.org/images/maps/5k%20trail%20map.jpg
,Heritage Days 5k,6/20/2015,mibtiming@gmail.com,2604171138 ,None,Kriegbaum Field,1959 N Jefferson St,Huntington,IN,46750,,,Curtis,Ray Hines,,,"MEN IN BLACK RUNNING CLUB    6071 N 250 E, Hunting",,,,This race looks like it is rather small and could grow,,None
,Father's Day 5K,6/20/2015,Steve@AssociatedChurches.org,2604223528 ,http://www.associatedchurches.org/templates/System/details.asp?id=52868&PG=404&RecordType=&pkg=,Associated Churches,602 E Wane St,Fort Wayne,IN,46802,,,Steve,Staley,,,602 E Wane St        Fort Wayne IN 46802,,,,Looks like an event that could grow. They did registration on there own. I am also not seeing any results online. abcde,,None
,DINO Potato Creek 7km Trail Run,6/20/2015,Brian15@DINOseries.com,3173367553 ,http://www.dinoseries.com/trail-running,"Potato Creek State Park, South Bend, IN",Potato Creek State Park,South Bend,IN,,,,Brian,Holzhausen,,,"DINO, LLC
P.O. Box 36395
Indianapolis, IN 46236",,,,Please note that this is put on by a company out of Indy that puts on event around the state. They probably have there own timer but we should contact them.,,http://static1.1.sqspcdn.com/static/f/1923838/26095434/1427809420700/PotatoCreekTri.pdf?token=EisC8uwn64BNM80Pg1BnXM9CQB4%3D
,The Micro Brew Mile & 6K,6/20/2015,djsherrod1@yahoo.com, ,http://www.microbrewmile.com/,"The Bier Stube, Beer Garden",415 15th Street,Moline,IL,61265,,,Joshua,Sherrod,,,,,,,This is a big race on the far side of Illionis. They have a great setup. I would say it would be great to time but it will take a lot of plainning.,,http://www.microbrewmile.com/the-race/course-map
,We've Got Your Back Race for Spinal Health - Carmel,6/20/2015,smatthews@indianaspinegroup.com,3177155890 ,http://www.active.com/carmel-in/running/distance-running-races/we-ve-got-your-back-race-for-spinal-health-carmel-2015,Indiana Spine Group,13225 N. Meridian Street,Carmel,IN,46032,,,Stacia,Matthews,,,,,,,,,
,,,, ,,,,,,,,,,,,,,,,,,,
,,,, ,,,,,,,,,,,,,,,,,,,